Elapsed time,Loss,Method
400,65.60218068583218,pisces
410,65.25197638036842,pisces
420,64.90177207490464,pisces
430,62.64529430560216,pisces
440,60.38881635450324,pisces
450,58.132338403404326,pisces
460,55.87586045230542,pisces
470,53.6193825012065,pisces
480,51.36290455010759,pisces
490,50.84476052020874,pisces
500,50.32661665609035,pisces
510,49.80847279197196,pisces
520,49.290328927853565,pisces
530,48.77218506373517,pisces
540,48.25404119961678,pisces
550,47.735897335498386,pisces
560,47.21775347138,pisces
570,46.69960960726161,pisces
580,46.181465743143214,pisces
590,45.66332187902482,pisces
600,45.14517801490643,pisces
610,44.627034150788035,pisces
620,44.10889028666965,pisces
630,43.590746422551256,pisces
640,43.07260255843286,pisces
650,42.55445869431447,pisces
660,42.29304216246904,pisces
670,42.03162565510704,pisces
680,41.77020914774504,pisces
690,41.50879264038304,pisces
700,41.24737613302104,pisces
710,40.98595962565904,pisces
720,40.72454311829705,pisces
730,40.46312661093505,pisces
740,40.20171010357305,pisces
750,39.94029359621105,pisces
760,39.67887708884905,pisces
770,39.41746058148705,pisces
780,39.292648714710616,pisces
790,39.16783686096181,pisces
800,39.04302500721301,pisces
810,38.918213153464215,pisces
820,38.79340129971541,pisces
830,38.66858944596661,pisces
840,38.4552067315872,pisces
850,38.241824008761,pisces
860,38.028441285934804,pisces
870,37.815058563108614,pisces
880,37.60167584028242,pisces
890,37.38829311745622,pisces
900,37.17491039463003,pisces
910,36.961527671803836,pisces
920,36.74814494897764,pisces
930,36.53476222615145,pisces
940,36.321379503325254,pisces
950,36.10799678049906,pisces
960,35.89461405767287,pisces
970,35.68123133484667,pisces
980,35.467848612020475,pisces
990,35.25446588919428,pisces
1000,35.04108316636809,pisces
1010,34.8856076043129,pisces
1020,34.73013204778018,pisces
1030,34.57465649124746,pisces
1040,34.41918093471473,pisces
1050,34.26370537818201,pisces
1060,34.10822982164928,pisces
1070,33.95275426511656,pisces
1080,33.79727870858383,pisces
1090,33.64180315205111,pisces
1100,33.48632759551838,pisces
1110,33.33085203898566,pisces
1120,33.17537648245294,pisces
1130,33.01253637314044,pisces
1140,32.849696263125615,pisces
1150,32.68685615311078,pisces
1160,32.52401604309595,pisces
1170,32.36117593308112,pisces
1180,32.19833582306629,pisces
1190,32.01947478027753,pisces
1200,31.840613735960893,pisces
1210,31.661752691644256,pisces
1220,31.48289164732762,pisces
1230,31.304030603010986,pisces
1240,31.12516955869435,pisces
1250,30.946308514377716,pisces
1260,30.844278339470822,pisces
1270,30.819079063282327,pisces
1280,30.79387978709383,pisces
1290,30.768680510905334,pisces
1300,30.74348123471684,pisces
1310,30.718281958528344,pisces
1320,30.69308268233985,pisces
1330,30.667883406151354,pisces
1340,30.642684129962856,pisces
1350,30.61748485377436,pisces
1360,30.592285577585866,pisces
1370,30.56708630139737,pisces
1380,30.541887025208876,pisces
1390,30.516687749020377,pisces
1400,30.491488472831882,pisces
1410,30.466289196643388,pisces
1420,30.441089920454893,pisces
1430,30.415890644266398,pisces
1440,30.390691368077903,pisces
1450,30.365492091889404,pisces
1460,30.34029281570091,pisces
1470,30.315093539512414,pisces
1480,30.28989426332392,pisces
1490,30.264694987135424,pisces
1500,30.239495710946926,pisces
1510,30.21429643475843,pisces
1520,30.189097158569936,pisces
1530,30.16389788238144,pisces
1540,29.96651508608183,pisces
1550,29.769132273361517,pisces
1560,29.571749460641204,pisces
1570,29.37436664792089,pisces
1580,29.176983835200573,pisces
1590,28.97960102248026,pisces
1600,28.859246648739596,pisces
1610,28.738892282344935,pisces
1620,28.618537915950277,pisces
1630,28.498183549555616,pisces
1640,28.377829183160955,pisces
1650,28.285675874054927,pisces
1660,28.22172363299538,pisces
1670,28.157771391935835,pisces
1680,28.09381915087629,pisces
1690,28.029866909816743,pisces
1700,27.965914668757197,pisces
1710,27.90196242769765,pisces
1720,27.8380101866381,pisces
1730,27.774057945578555,pisces
1740,27.71010570451901,pisces
1750,27.646153463459463,pisces
1760,27.582201222399917,pisces
1770,27.51824898134037,pisces
1780,27.454296740280824,pisces
1790,27.39034449922128,pisces
1800,27.326392258161732,pisces
1810,27.262440017102186,pisces
1820,27.19848777604264,pisces
1830,27.113600883531312,pisces
1840,27.00777933158227,pisces
1850,26.901957779633225,pisces
1860,26.79613622768418,pisces
1870,26.690314675735138,pisces
1880,26.584493123786093,pisces
1890,26.500694880271556,pisces
1900,26.438919953592755,pisces
1910,26.377145026913954,pisces
1920,26.315370100235153,pisces
1930,26.25359517355635,pisces
1940,26.191820246877548,pisces
1950,26.130045320198747,pisces
1960,26.063290178167794,pisces
1970,25.991554818884882,pisces
1980,25.91981945960197,pisces
1990,25.848084100319063,pisces
400,65.41437814191752,pisces
410,65.11808391994713,pisces
420,62.779986456181334,pisces
430,60.441888895054774,pisces
440,58.103791333928214,pisces
450,55.76569377280165,pisces
460,53.42759621167508,pisces
470,51.08949865054852,pisces
480,50.628934701814956,pisces
490,50.16837084260919,pisces
500,49.70780698340342,pisces
510,49.24724312419765,pisces
520,48.78667926499189,pisces
530,48.32611540578612,pisces
540,47.86555154658035,pisces
550,47.404987687374586,pisces
560,46.944423828168816,pisces
570,46.483859968963046,pisces
580,46.02329610975728,pisces
590,45.56273225055151,pisces
600,45.10216839134574,pisces
610,44.64160453213998,pisces
620,44.18104067293421,pisces
630,43.72047681372844,pisces
640,43.25991295452267,pisces
650,42.799349095316906,pisces
660,42.491821806366175,pisces
670,42.184294524712804,pisces
680,41.87676724305943,pisces
690,41.56923996140606,pisces
700,41.261712679752684,pisces
710,40.95418539809931,pisces
720,40.64665811644594,pisces
730,40.33913083479257,pisces
740,40.03160355313919,pisces
750,39.72407627148582,pisces
760,39.41654898983245,pisces
770,39.31284590026934,pisces
780,39.20914282042532,pisces
790,39.10543974058131,pisces
800,39.00173666073729,pisces
810,38.898033580893284,pisces
820,38.79433050104927,pisces
830,38.641813371266814,pisces
840,38.44048218223539,pisces
850,38.239150993203964,pisces
860,38.03781980417254,pisces
870,37.836488615141114,pisces
880,37.63515742610969,pisces
890,37.433826237078264,pisces
900,37.232495048046836,pisces
910,37.031163859015415,pisces
920,36.829832669983986,pisces
930,36.628501480952565,pisces
940,36.427170291921136,pisces
950,36.225839102889715,pisces
960,36.02450791385829,pisces
970,35.823176724826865,pisces
980,35.62184553579544,pisces
990,35.42051434676401,pisces
1000,35.21918315773259,pisces
1010,35.0868578169238,pisces
1020,34.95453247940547,pisces
1030,34.82220714188714,pisces
1040,34.68988180436882,pisces
1050,34.557556466850485,pisces
1060,34.425231129332154,pisces
1070,34.29290579181383,pisces
1080,34.1605804542955,pisces
1090,34.028255116777174,pisces
1100,33.89592977925884,pisces
1110,33.76360444174051,pisces
1120,33.60610792294345,pisces
1130,33.448611402946135,pisces
1140,33.29111488294882,pisces
1150,33.133618362951495,pisces
1160,32.97612184295418,pisces
1170,32.81862532295686,pisces
1180,32.635106784855225,pisces
1190,32.42556622368596,pisces
1200,32.21602566251669,pisces
1210,32.00648510134743,pisces
1220,31.796944540178167,pisces
1230,31.5874039790089,pisces
1240,31.377863417839638,pisces
1250,31.259660998572176,pisces
1260,31.23279673862789,pisces
1270,31.205932478683604,pisces
1280,31.179068218739317,pisces
1290,31.152203958795027,pisces
1300,31.12533969885074,pisces
1310,31.098475438906455,pisces
1320,31.07161117896217,pisces
1330,31.04474691901788,pisces
1340,31.017882659073592,pisces
1350,30.991018399129306,pisces
1360,30.96415413918502,pisces
1370,30.93728987924073,pisces
1380,30.910425619296444,pisces
1390,30.883561359352157,pisces
1400,30.85669709940787,pisces
1410,30.82983283946358,pisces
1420,30.802968579519295,pisces
1430,30.77610431957501,pisces
1440,30.749240059630722,pisces
1450,30.722375799686432,pisces
1460,30.695511539742146,pisces
1470,30.66864727979786,pisces
1480,30.641783019853573,pisces
1490,30.614918759909283,pisces
1500,30.588054499964997,pisces
1510,30.56119024002071,pisces
1520,30.534325980076424,pisces
1530,30.41477032697521,pisces
1540,30.202523263037584,pisces
1550,29.990276199099956,pisces
1560,29.77802913516233,pisces
1570,29.565782071224707,pisces
1580,29.353535007287082,pisces
1590,29.203715665768808,pisces
1600,29.116324058577025,pisces
1610,29.028932451385245,pisces
1620,28.94154084419346,pisces
1630,28.854149237001682,pisces
1640,28.7667576298099,pisces
1650,28.69343679502409,pisces
1660,28.63418673532804,pisces
1670,28.57493667563199,pisces
1680,28.51568661593594,pisces
1690,28.45643655623989,pisces
1700,28.397186496543842,pisces
1710,28.33793643684779,pisces
1720,28.278686377151743,pisces
1730,28.219436317455692,pisces
1740,28.160186257759644,pisces
1750,28.100936198063593,pisces
1760,28.04168613836754,pisces
1770,27.982436078671494,pisces
1780,27.923186018975443,pisces
1790,27.863935959279395,pisces
1800,27.804685899583344,pisces
1810,27.745435839887296,pisces
1820,27.686185780191245,pisces
1830,27.546531193941178,pisces
1840,27.406876603857125,pisces
1850,27.267222013773075,pisces
1860,27.127567423689023,pisces
1870,26.987912833604973,pisces
1880,26.84825824352092,pisces
1890,26.801134258216358,pisces
1900,26.754010277323996,pisces
1910,26.70688629643163,pisces
1920,26.65976231553927,pisces
1930,26.612638334646906,pisces
1940,26.56551435375454,pisces
1950,26.51839037286218,pisces
1960,26.46453961659811,pisces
1970,26.410688860013284,pisces
1980,26.35683810342846,pisces
1990,26.302987346843633,pisces
400,64.70049710491807,pisces
410,64.24270835257329,pisces
420,62.22211412746193,pisces
430,60.20151979057001,pisces
440,58.180925453678086,pisces
450,56.16033111678617,pisces
460,54.13973677989425,pisces
470,52.11914244300233,pisces
480,50.86618886690024,pisces
490,50.38087627121176,pisces
500,49.89556367552329,pisces
510,49.410251079834815,pisces
520,48.924938484146345,pisces
530,48.43962588845787,pisces
540,47.9543132927694,pisces
550,47.46900069708092,pisces
560,46.983688101392445,pisces
570,46.498375505703976,pisces
580,46.0130629100155,pisces
590,45.52775031432703,pisces
600,45.04243771863855,pisces
610,44.55712512295008,pisces
620,44.071812527261606,pisces
630,43.58649993157314,pisces
640,43.10118733588466,pisces
650,42.61587474019619,pisces
660,42.3380577525878,pisces
670,42.06024077982067,pisces
680,41.782423807053526,pisces
690,41.504606834286385,pisces
700,41.22678986151925,pisces
710,40.94897288875211,pisces
720,40.67115591598497,pisces
730,40.39333894321783,pisces
740,40.11552197045069,pisces
750,39.83770499768355,pisces
760,39.55988802491641,pisces
770,39.39189841820253,pisces
780,39.22390881934411,pisces
790,39.05591922048569,pisces
800,38.88792962162727,pisces
810,38.71994002276885,pisces
820,38.551950423910434,pisces
830,38.36888629744522,pisces
840,38.170747639060366,pisces
850,37.97260898067551,pisces
860,37.774470322290654,pisces
870,37.5763316639058,pisces
880,37.378193005520934,pisces
890,37.18005434713608,pisces
900,36.98191568875122,pisces
910,36.783777030366366,pisces
920,36.5856383719815,pisces
930,36.38749971359665,pisces
940,36.18936105521179,pisces
950,35.991222396826934,pisces
960,35.79308373844208,pisces
970,35.594945080057215,pisces
980,35.39680642167236,pisces
990,35.1986677632875,pisces
1000,35.00052910490265,pisces
1010,34.88118237934439,pisces
1020,34.76183565942178,pisces
1030,34.64248893949916,pisces
1040,34.52314221957654,pisces
1050,34.403795499653924,pisces
1060,34.284448779731306,pisces
1070,34.16510205980869,pisces
1080,34.04575533988608,pisces
1090,33.92640861996346,pisces
1100,33.80706190004084,pisces
1110,33.687715180118225,pisces
1120,33.43107717166903,pisces
1130,33.1744391534,pisces
1140,32.91780113513097,pisces
1150,32.661163116861935,pisces
1160,32.404525098592906,pisces
1170,32.147887080323876,pisces
1180,31.988685557011593,pisces
1190,31.92692055653286,pisces
1200,31.865155556054123,pisces
1210,31.803390555575387,pisces
1220,31.74162555509665,pisces
1230,31.679860554617914,pisces
1240,31.618095554139177,pisces
1250,31.55633055366044,pisces
1260,31.494565553181708,pisces
1270,31.43280055270297,pisces
1280,31.371035552224235,pisces
1290,31.3092705517455,pisces
1300,31.247505551266762,pisces
1310,31.185740550788026,pisces
1320,31.150827284120076,pisces
1330,31.11591401937271,pisces
1340,31.081000754625347,pisces
1350,31.04608748987798,pisces
1360,31.011174225130617,pisces
1370,30.97626096038325,pisces
1380,30.941347695635883,pisces
1390,30.90643443088852,pisces
1400,30.871521166141154,pisces
1410,30.836607901393787,pisces
1420,30.801694636646424,pisces
1430,30.766781371899057,pisces
1440,30.73186810715169,pisces
1450,30.696954842404327,pisces
1460,30.66204157765696,pisces
1470,30.627128312909598,pisces
1480,30.59221504816223,pisces
1490,30.557301783414864,pisces
1500,30.5223885186675,pisces
1510,30.487475253920135,pisces
1520,30.452561989172768,pisces
1530,30.335059182270843,pisces
1540,30.1349668095853,pisces
1550,29.934874436899758,pisces
1560,29.734782064214215,pisces
1570,29.534689691528673,pisces
1580,29.33459731884313,pisces
1590,29.134504946157588,pisces
1600,29.071385010871584,pisces
1610,29.008265085382607,pisces
1620,28.94514515989363,pisces
1630,28.882025234404654,pisces
1640,28.818905308915678,pisces
1650,28.7557853834267,pisces
1660,28.69266545793773,pisces
1670,28.61972971746243,pisces
1680,28.54679397628505,pisces
1690,28.47385823510767,pisces
1700,28.400922493930292,pisces
1710,28.327986752752913,pisces
1720,28.25505101157553,pisces
1730,28.182115270398153,pisces
1740,28.109179529220775,pisces
1750,28.036243788043393,pisces
1760,27.963308046866015,pisces
1770,27.890372305688636,pisces
1780,27.817436564511258,pisces
1790,27.744500823333876,pisces
1800,27.671565082156498,pisces
1810,27.59862934097912,pisces
1820,27.52569359980174,pisces
1830,27.43403030475559,pisces
1840,27.323639450482677,pisces
1850,27.213248596209763,pisces
1860,27.102857741936848,pisces
1870,26.99246688766393,pisces
1880,26.882076033391016,pisces
1890,26.799150837953935,pisces
1900,26.743691309210682,pisces
1910,26.68823178046743,pisces
1920,26.632772251724173,pisces
1930,26.57731272298092,pisces
1940,26.521853194237664,pisces
1950,26.46639366549441,pisces
1960,26.38721379306091,pisces
1970,26.28431357015071,pisces
1980,26.181413347240515,pisces
1990,26.078513124330318,pisces
400,65.37792996266175,pisces
410,65.03413205127596,pisces
420,63.73588001475671,pisces
430,61.48317376208014,pisces
440,59.23046750940358,pisces
450,56.977761256727014,pisces
460,54.72505500405045,pisces
470,52.472348751373886,pisces
480,51.10229645578405,pisces
490,50.61489820145739,pisces
500,50.12749994713073,pisces
510,49.640101692804066,pisces
520,49.1527034384774,pisces
530,48.665305184150746,pisces
540,48.17790692982408,pisces
550,47.69050867549742,pisces
560,47.20311042117076,pisces
570,46.7157121668441,pisces
580,46.228313912517436,pisces
590,45.74091565819077,pisces
600,45.253517403864116,pisces
610,44.76611914953745,pisces
620,44.27872089521079,pisces
630,43.79132264088413,pisces
640,43.30392438655747,pisces
650,42.816526132230806,pisces
660,42.523202441274634,pisces
670,42.22987875494557,pisces
680,41.93655506861649,pisces
690,41.643231382287425,pisces
700,41.34990769595835,pisces
710,41.05658400962928,pisces
720,40.76326032330021,pisces
730,40.469936636971134,pisces
740,40.17661295064207,pisces
750,39.88328926431299,pisces
760,39.589965577983925,pisces
770,39.366626548243254,pisces
780,39.21327218176524,pisces
790,39.05991781528723,pisces
800,38.906563448809216,pisces
810,38.75320908233121,pisces
820,38.5998547158532,pisces
830,38.446500349375185,pisces
840,38.25299048219942,pisces
850,38.05948061406628,pisces
860,37.86597074593314,pisces
870,37.6724608778,pisces
880,37.47895100966686,pisces
890,37.28544114153372,pisces
900,37.091931273400576,pisces
910,36.898421405267435,pisces
920,36.704911537134294,pisces
930,36.51140166900115,pisces
940,36.31789180086801,pisces
950,36.12438193273487,pisces
960,35.93087206460173,pisces
970,35.73736219646859,pisces
980,35.54385232833545,pisces
990,35.3503424602023,pisces
1000,35.15683259206916,pisces
1010,35.026034857208366,pisces
1020,34.89523712384275,pisces
1030,34.76443939047712,pisces
1040,34.633641657111504,pisces
1050,34.50284392374588,pisces
1060,34.37204619038026,pisces
1070,34.24124845701464,pisces
1080,34.110450723649016,pisces
1090,33.9796529902834,pisces
1100,33.84885525691777,pisces
1110,33.718057523552154,pisces
1120,33.52337468167104,pisces
1130,33.26480672518187,pisces
1140,33.006238768692704,pisces
1150,32.74767081220354,pisces
1160,32.489102855714364,pisces
1170,32.2305348992252,pisces
1180,31.971966942736028,pisces
1190,31.912508885264717,pisces
1200,31.853050832540557,pisces
1210,31.793592779816397,pisces
1220,31.734134727092233,pisces
1230,31.674676674368072,pisces
1240,31.615218621643912,pisces
1250,31.55576056891975,pisces
1260,31.496302516195588,pisces
1270,31.436844463471427,pisces
1280,31.377386410747267,pisces
1290,31.317928358023106,pisces
1300,31.258470305298946,pisces
1310,31.199012252574782,pisces
1320,31.14984771834261,pisces
1330,31.110976703584086,pisces
1340,31.072105688825562,pisces
1350,31.03323467406704,pisces
1360,30.994363659308515,pisces
1370,30.955492644549995,pisces
1380,30.91662162979147,pisces
1390,30.877750615032948,pisces
1400,30.838879600274424,pisces
1410,30.8000085855159,pisces
1420,30.76113757075738,pisces
1430,30.722266555998857,pisces
1440,30.683395541240333,pisces
1450,30.64452452648181,pisces
1460,30.60565351172329,pisces
1470,30.566782496964766,pisces
1480,30.527911482206243,pisces
1490,30.48904046744772,pisces
1500,30.450169452689195,pisces
1510,30.411298437930675,pisces
1520,30.37242742317215,pisces
1530,30.333556408413628,pisces
1540,30.232393386632687,pisces
1550,30.131230363366587,pisces
1560,30.030067340100487,pisces
1570,29.928904316834387,pisces
1580,29.827741293568288,pisces
1590,29.726578270302188,pisces
1600,29.625415247036088,pisces
1610,29.524252223769988,pisces
1620,29.423089200503888,pisces
1630,29.32192617723779,pisces
1640,29.22076315397169,pisces
1650,29.110308779598064,pisces
1660,28.990563053230822,pisces
1670,28.87081732686358,pisces
1680,28.751071600496335,pisces
1690,28.631325874129093,pisces
1700,28.51158014776185,pisces
1710,28.45135445110968,pisces
1720,28.391128755876576,pisces
1730,28.330903060643475,pisces
1740,28.27067736541037,pisces
1750,28.210451670177267,pisces
1760,28.150225974944163,pisces
1770,28.090000279711063,pisces
1780,28.02977458447796,pisces
1790,27.969548889244855,pisces
1800,27.90932319401175,pisces
1810,27.84909749877865,pisces
1820,27.788871803545547,pisces
1830,27.728646108312443,pisces
1840,27.66842041307934,pisces
1850,27.60819471784624,pisces
1860,27.547969022613135,pisces
1870,27.48774332738003,pisces
1880,27.427517632146927,pisces
1890,27.34029163345647,pisces
1900,27.253065634122276,pisces
1910,27.165839634788078,pisces
1920,27.078613635453884,pisces
1930,26.99138763611969,pisces
1940,26.904161636785496,pisces
1950,26.816935637451298,pisces
1960,26.722521493616732,pisces
1970,26.62091920459628,pisces
1980,26.519316915575825,pisces
1990,26.417714626555373,pisces
400,64.92882952725513,pisces
410,64.77445496678261,pisces
420,62.71031062328857,pisces
430,60.64616623426208,pisces
440,58.58202184523559,pisces
450,56.51787745620909,pisces
460,54.4537330671826,pisces
470,52.3895886781561,pisces
480,51.10995217377613,pisces
490,50.61482362885918,pisces
500,50.119695083942226,pisces
510,49.62456653902528,pisces
520,49.12943799410833,pisces
530,48.63430944919138,pisces
540,48.139180904274426,pisces
550,47.644052359357474,pisces
560,47.14892381444053,pisces
570,46.65379526952358,pisces
580,46.158666724606626,pisces
590,45.663538179689674,pisces
600,45.16840963477273,pisces
610,44.67328108985578,pisces
620,44.178152544938825,pisces
630,43.683024000021874,pisces
640,43.18789545510492,pisces
650,42.69276691018798,pisces
660,42.38088652751513,pisces
670,42.069006149211255,pisces
680,41.757125770907386,pisces
690,41.44524539260352,pisces
700,41.13336501429965,pisces
710,40.82148463599577,pisces
720,40.509604257691905,pisces
730,40.197723879388036,pisces
740,39.88584350108416,pisces
750,39.57396312278029,pisces
760,39.26208274447642,pisces
770,39.06434600958387,pisces
780,38.86660927741272,pisces
790,38.66887254524157,pisces
800,38.47113581307042,pisces
810,38.27339908089927,pisces
820,38.07566234872811,pisces
830,37.889946046571794,pisces
840,37.716250175576675,pisces
850,37.54255430458155,pisces
860,37.368858433586425,pisces
870,37.1951625625913,pisces
880,37.02146669159618,pisces
890,36.847770820601056,pisces
900,36.67407494960593,pisces
910,36.500379078610806,pisces
920,36.32668320761569,pisces
930,36.15298733662056,pisces
940,35.97929146562544,pisces
950,35.80559559463031,pisces
960,35.63189972363519,pisces
970,35.45820385264007,pisces
980,35.28450798164494,pisces
990,35.11081211064982,pisces
1000,34.9371162396547,pisces
1010,34.80201212583148,pisces
1020,34.66690801292836,pisces
1030,34.531803900025245,pisces
1040,34.39669978712213,pisces
1050,34.26159567421901,pisces
1060,34.126491561315895,pisces
1070,33.99138744841278,pisces
1080,33.85628333550966,pisces
1090,33.721179222606544,pisces
1100,33.58607510970343,pisces
1110,33.45097099680031,pisces
1120,33.276873897290145,pisces
1130,33.10277679685032,pisces
1140,32.9286796964105,pisces
1150,32.75458259597067,pisces
1160,32.580485495530844,pisces
1170,32.406388395091014,pisces
1180,32.21116253051556,pisces
1190,31.994807899789482,pisces
1200,31.778453269063405,pisces
1210,31.56209863833733,pisces
1220,31.345744007611252,pisces
1230,31.12938937688517,pisces
1240,30.913034746159095,pisces
1250,30.797934491206743,pisces
1260,30.78408862168449,pisces
1270,30.770242752162236,pisces
1280,30.756396882639983,pisces
1290,30.74255101311773,pisces
1300,30.728705143595473,pisces
1310,30.71485927407322,pisces
1320,30.701013404550967,pisces
1330,30.687167535028713,pisces
1340,30.67332166550646,pisces
1350,30.659475795984203,pisces
1360,30.64562992646195,pisces
1370,30.631784056939697,pisces
1380,30.617938187417444,pisces
1390,30.604092317895187,pisces
1400,30.590246448372934,pisces
1410,30.57640057885068,pisces
1420,30.562554709328428,pisces
1430,30.548708839806174,pisces
1440,30.534862970283918,pisces
1450,30.521017100761664,pisces
1460,30.50717123123941,pisces
1470,30.493325361717158,pisces
1480,30.479479492194905,pisces
1490,30.465633622672648,pisces
1500,30.451787753150395,pisces
1510,30.43794188362814,pisces
1520,30.42409601410589,pisces
1530,30.327979568790347,pisces
1540,30.14959253983559,pisces
1550,29.971205510880832,pisces
1560,29.792818481926073,pisces
1570,29.614431452971314,pisces
1580,29.436044424016558,pisces
1590,29.2576573950618,pisces
1600,29.098075204376443,pisces
1610,28.957297853753857,pisces
1620,28.816520503131276,pisces
1630,28.67574315250869,pisces
1640,28.534965801886106,pisces
1650,28.394188451263524,pisces
1660,28.342431541885958,pisces
1670,28.290674634630804,pisces
1680,28.23891772737565,pisces
1690,28.187160820120496,pisces
1700,28.135403912865343,pisces
1710,28.08364700561019,pisces
1720,28.031890098355035,pisces
1730,27.98013319109988,pisces
1740,27.92837628384473,pisces
1750,27.876619376589577,pisces
1760,27.824862469334423,pisces
1770,27.77310556207927,pisces
1780,27.721348654824116,pisces
1790,27.669591747568962,pisces
1800,27.617834840313808,pisces
1810,27.566077933058654,pisces
1820,27.5143210258035,pisces
1830,27.462564118548347,pisces
1840,27.32447882908938,pisces
1850,27.186393537572187,pisces
1860,27.048308246054994,pisces
1870,26.9102229545378,pisces
1880,26.772137663020604,pisces
1890,26.63405237150341,pisces
1900,26.56671789899264,pisces
1910,26.4993834281687,pisces
1920,26.432048957344758,pisces
1930,26.364714486520818,pisces
1940,26.297380015696877,pisces
1950,26.230045544872937,pisces
1960,26.162711074048996,pisces
1970,26.09908515890318,pisces
1980,26.03545924384578,pisces
1990,25.97183332878838,pisces
400,42.07489391270994,polaris
410,40.250356594755516,polaris
420,38.42581927680111,polaris
430,37.38235034763731,polaris
440,37.11994995624116,polaris
450,36.857549564845,polaris
460,36.595149173448846,polaris
470,36.33274878205269,polaris
480,36.070348390656534,polaris
490,35.577680829089196,polaris
500,35.08501325654186,polaris
510,34.59234568399453,polaris
520,34.09967811144719,polaris
530,33.60701053889986,polaris
540,33.32788389673252,polaris
550,33.2622982256749,polaris
560,33.196712554617264,polaris
570,33.13112688355964,polaris
580,33.065541212502005,polaris
590,32.99995554144438,polaris
600,32.95104799750785,polaris
610,32.90214045436659,polaris
620,32.853232911225334,polaris
630,32.80432536808408,polaris
640,32.75541782494282,polaris
650,32.596576128690025,polaris
660,32.32780025835741,polaris
670,32.059024388024795,polaris
680,31.79024851769218,polaris
690,31.521472647359566,polaris
700,31.25269677702695,polaris
710,31.064463929678972,polaris
720,30.956774120677988,polaris
730,30.849084311677004,polaris
740,30.74139450267602,polaris
750,30.633704693675035,polaris
760,30.52601488467405,polaris
770,30.418325075673067,polaris
780,30.310635266672083,polaris
790,30.2029454576711,polaris
800,30.095255648670115,polaris
810,29.98756583966913,polaris
820,29.90855952327585,polaris
830,29.829553208250307,polaris
840,29.75054689322476,polaris
850,29.671540578199213,polaris
860,29.59253426317367,polaris
870,29.513527948148123,polaris
880,29.43452163312258,polaris
890,29.355515318097034,polaris
900,29.27650900307149,polaris
910,29.197502688045944,polaris
920,29.1546401420817,polaris
930,29.14792137207263,polaris
940,29.141202602063565,polaris
950,29.1344838320545,polaris
960,29.12776506204543,polaris
970,29.121046292036365,polaris
980,28.96479116292937,polaris
990,28.80853602669193,polaris
1000,28.652280890454485,polaris
1010,28.49602575421704,polaris
1020,28.3397706179796,polaris
1030,28.183515481742155,polaris
1040,28.13079149193502,polaris
1050,28.078067507064635,polaris
1060,28.02534352219425,polaris
1070,27.972619537323865,polaris
1080,27.919895552453482,polaris
1090,27.836447713314104,polaris
1100,27.72227601404562,polaris
1110,27.608104314777137,polaris
1120,27.493932615508655,polaris
1130,27.379760916240173,polaris
1140,27.26558921697169,polaris
1150,27.238754254931507,polaris
1160,27.211919297055868,polaris
1170,27.18508433918023,polaris
1180,27.15824938130459,polaris
1190,27.131414423428946,polaris
1200,27.07321368388596,polaris
1210,26.983647156693074,polaris
1220,26.894080629500188,polaris
1230,26.8045141023073,polaris
1240,26.714947575114415,polaris
1250,26.62538104792153,polaris
1260,26.535814520728643,polaris
1270,26.549520212195965,polaris
1280,26.563225908587697,polaris
1290,26.576931604979425,polaris
1300,26.590637301371153,polaris
1310,26.60434299776288,polaris
1320,26.61804869415461,polaris
1330,26.546195698776597,polaris
1340,26.47434269931883,polaris
1350,26.402489699861057,polaris
1360,26.33063670040329,polaris
1370,26.258783700945518,polaris
1380,26.18693070148775,polaris
1390,26.182108266639297,polaris
1400,26.177285834987114,polaris
1410,26.17246340333493,polaris
1420,26.167640971682744,polaris
1430,26.16281854003056,polaris
1440,26.157996108378377,polaris
1450,26.153173676726194,polaris
1460,26.148351245074007,polaris
1470,26.143528813421824,polaris
1480,26.13870638176964,polaris
1490,26.133883950117458,polaris
1500,26.13302191150696,polaris
1510,26.132159873085314,polaris
1520,26.131297834663666,polaris
1530,26.13043579624202,polaris
1540,26.12957375782037,polaris
1550,26.09395014411779,polaris
1560,26.02356494850404,polaris
1570,25.953179752890286,polaris
1580,25.882794557276533,polaris
1590,25.81240936166278,polaris
1600,25.742024166049028,polaris
1610,25.747827019877295,polaris
1620,25.753629877338494,polaris
1630,25.759432734799688,polaris
1640,25.765235592260886,polaris
1650,25.771038449722084,polaris
1660,25.796361152248814,polaris
1670,25.841203703564194,polaris
1680,25.886046254879577,polaris
1690,25.930888806194957,polaris
1700,25.975731357510337,polaris
1710,26.020573908825718,polaris
1720,25.945633091930247,polaris
1730,25.870692269323058,polaris
1740,25.79575144671587,polaris
1750,25.72081062410868,polaris
1760,25.645869801501494,polaris
1770,25.607545325903946,polaris
1780,25.605837204300055,polaris
1790,25.604129082696165,polaris
1800,25.60242096109227,polaris
1810,25.60071283948838,polaris
1820,25.59900471788449,polaris
1830,25.546909032804756,polaris
1840,25.49481334532236,polaris
1850,25.44271765783996,polaris
1860,25.39062197035756,polaris
1870,25.338526282875165,polaris
1880,25.337704145194326,polaris
1890,25.388155567094692,polaris
1900,25.43860698899506,polaris
1910,25.489058410895428,polaris
1920,25.539509832795794,polaris
1930,25.58996125469616,polaris
1940,25.625668225432992,polaris
1950,25.661375195466757,polaris
1960,25.697082165500518,polaris
1970,25.73278913553428,polaris
1980,25.768496105568044,polaris
1990,25.8013744885619,polaris
400,42.786358984912624,polaris
410,40.942522793157494,polaris
420,39.09868660140237,polaris
430,38.03460902106077,polaris
440,37.75029027522342,polaris
450,37.46597152938608,polaris
460,37.181652783548735,polaris
470,36.897334037711396,polaris
480,36.61301529187405,polaris
490,36.19377371605646,polaris
500,35.77453213058844,polaris
510,35.35529054512042,polaris
520,34.936048959652396,polaris
530,34.51680737418437,polaris
540,34.24172551679242,polaris
550,34.11080342872099,polaris
560,33.979881340649555,polaris
570,33.84895925257812,polaris
580,33.71803716450668,polaris
590,33.587115076435246,polaris
600,33.580619109591666,polaris
610,33.57412315164773,polaris
620,33.5676271937038,polaris
630,33.56113123575987,polaris
640,33.55463527781594,polaris
650,33.38557939653122,polaris
660,33.05396354539695,polaris
670,32.72234769426267,polaris
680,32.39073184312839,polaris
690,32.05911599199412,polaris
700,31.727500140859842,polaris
710,31.503081438062,polaris
720,31.38585991426995,polaris
730,31.268638390477896,polaris
740,31.151416866685846,polaris
750,31.034195342893796,polaris
760,30.91697381910174,polaris
770,30.79975229530969,polaris
780,30.682530771517637,polaris
790,30.565309247725587,polaris
800,30.448087723933533,polaris
810,30.330866200141482,polaris
820,30.253138669655637,polaris
830,30.175411141994623,polaris
840,30.097683614333608,polaris
850,30.019956086672597,polaris
860,29.942228559011582,polaris
870,29.864501031350567,polaris
880,29.786773503689552,polaris
890,29.70904597602854,polaris
900,29.631318448367526,polaris
910,29.55359092070651,polaris
920,29.503737674373422,polaris
930,29.481758717343155,polaris
940,29.459779760312884,polaris
950,29.437800803282617,polaris
960,29.415821846252346,polaris
970,29.39384288922208,polaris
980,29.242525283802063,polaris
990,29.09120766913103,polaris
1000,28.939890054459998,polaris
1010,28.788572439788965,polaris
1020,28.63725482511793,polaris
1030,28.4859372104469,polaris
1040,28.423122516174043,polaris
1050,28.36030782823141,polaris
1060,28.297493140288775,polaris
1070,28.23467845234614,polaris
1080,28.171863764403508,polaris
1090,28.069787979529742,polaris
1100,27.92845108649216,polaris
1110,27.787114193454574,polaris
1120,27.64577730041699,polaris
1130,27.504440407379406,polaris
1140,27.363103514341823,polaris
1150,27.351564907784596,polaris
1160,27.340026310511263,polaris
1170,27.32848771323793,polaris
1180,27.3169491159646,polaris
1190,27.305410518691268,polaris
1200,27.234650484845545,polaris
1210,27.104668997484048,polaris
1220,26.97468751012255,polaris
1230,26.844706022761052,polaris
1240,26.71472453539955,polaris
1250,26.584743048038053,polaris
1260,26.454761560676555,polaris
1270,26.481057021904725,polaris
1280,26.507352494310688,polaris
1290,26.53364796671665,polaris
1300,26.559943439122613,polaris
1310,26.586238911528575,polaris
1320,26.612534383934538,polaris
1330,26.535552652410146,polaris
1340,26.458570913498793,polaris
1350,26.38158917458744,polaris
1360,26.304607435676086,polaris
1370,26.227625696764733,polaris
1380,26.150643957853383,polaris
1390,26.153450133158383,polaris
1400,26.15625631417026,polaris
1410,26.159062495182138,polaris
1420,26.161868676194015,polaris
1430,26.164674857205892,polaris
1440,26.16748103821777,polaris
1450,26.170287219229643,polaris
1460,26.17309340024152,polaris
1470,26.175899581253397,polaris
1480,26.178705762265274,polaris
1490,26.18151194327715,polaris
1500,26.169792271055066,polaris
1510,26.158072597794007,polaris
1520,26.14635292453295,polaris
1530,26.134633251271893,polaris
1540,26.122913578010834,polaris
1550,26.097471867611752,polaris
1560,26.058308116148734,polaris
1570,26.01914436468571,polaris
1580,25.979980613222693,polaris
1590,25.940816861759675,polaris
1600,25.901653110296657,polaris
1610,25.892037119420888,polaris
1620,25.882421130658535,polaris
1630,25.872805141896183,polaris
1640,25.86318915313383,polaris
1650,25.853573164371483,polaris
1660,25.871347125153992,polaris
1670,25.91651104331769,polaris
1680,25.96167496148139,polaris
1690,26.006838879645088,polaris
1700,26.052002797808786,polaris
1710,26.097166715972488,polaris
1720,26.011929139126014,polaris
1730,25.926691552952505,polaris
1740,25.841453966778996,polaris
1750,25.756216380605487,polaris
1760,25.670978794431974,polaris
1770,25.636229961674434,polaris
1780,25.65196989677781,polaris
1790,25.667709831881186,polaris
1800,25.683449766984563,polaris
1810,25.69918970208794,polaris
1820,25.714929637191315,polaris
1830,25.642002492010207,polaris
1840,25.569075340487128,polaris
1850,25.496148188964053,polaris
1860,25.423221037440975,polaris
1870,25.3502938859179,polaris
1880,25.3460823901141,polaris
1890,25.410586569689283,polaris
1900,25.475090749264467,polaris
1910,25.53959492883965,polaris
1920,25.60409910841484,polaris
1930,25.668603287990024,polaris
1940,25.702986141775632,polaris
1950,25.737368993406793,polaris
1960,25.771751845037958,polaris
1970,25.80613469666912,polaris
1980,25.840517548300284,polaris
1990,25.866588672711625,polaris
400,42.08782317244386,polaris
410,40.363779517877305,polaris
420,38.639735863310754,polaris
430,37.65230930701222,polaris
440,37.40149998948029,polaris
450,37.15069067194836,polaris
460,36.899881354416436,polaris
470,36.649072036884505,polaris
480,36.39826271935258,polaris
490,35.95193295203501,polaris
500,35.505603175394285,polaris
510,35.05927339875357,polaris
520,34.61294362211285,polaris
530,34.166613845472135,polaris
540,33.91182088299457,polaris
550,33.8485647712129,polaris
560,33.78530865943123,polaris
570,33.72205254764956,polaris
580,33.65879643586789,polaris
590,33.59554032408623,polaris
600,33.5066310524859,polaris
610,33.41772177966233,polaris
620,33.328812506838766,polaris
630,33.2399032340152,polaris
640,33.15099396119164,polaris
650,32.99940523355433,polaris
660,32.78513703914812,polaris
670,32.57086884474191,polaris
680,32.35660065033571,polaris
690,32.1423324559295,polaris
700,31.92806426152329,polaris
710,31.754922608611327,polaris
720,31.622907505037883,polaris
730,31.490892401464436,polaris
740,31.358877297890988,polaris
750,31.22686219431754,polaris
760,31.094847090744096,polaris
770,30.96283198717065,polaris
780,30.8308168835972,polaris
790,30.698801780023754,polaris
800,30.566786676450306,polaris
810,30.434771572876862,polaris
820,30.37732975538536,polaris
830,30.31988794144979,polaris
840,30.26244612751422,polaris
850,30.205004313578648,polaris
860,30.14756249964308,polaris
870,30.090120685707507,polaris
880,30.03267887177194,polaris
890,29.975237057836367,polaris
900,29.917795243900798,polaris
910,29.860353429965226,polaris
920,29.801836046199515,polaris
930,29.742243092398517,polaris
940,29.68265013859752,polaris
950,29.623057184796522,polaris
960,29.56346423099552,polaris
970,29.503871277194524,polaris
980,29.372118208427086,polaris
990,29.240365136218784,polaris
1000,29.108612064010483,polaris
1010,28.97685899180218,polaris
1020,28.84510591959388,polaris
1030,28.71335284738558,polaris
1040,28.65025555163988,polaris
1050,28.587158259167943,polaris
1060,28.52406096669601,polaris
1070,28.46096367422407,polaris
1080,28.397866381752134,polaris
1090,28.294354627698816,polaris
1100,28.15042840435567,polaris
1110,28.006502181012518,polaris
1120,27.862575957669367,polaris
1130,27.71864973432622,polaris
1140,27.57472351098307,polaris
1150,27.544630849811735,polaris
1160,27.51453819406841,polaris
1170,27.484445538325083,polaris
1180,27.45435288258176,polaris
1190,27.42426022683843,polaris
1200,27.337971677713373,polaris
1210,27.195487224488073,polaris
1220,27.05300277126277,polaris
1230,26.910518318037465,polaris
1240,26.76803386481216,polaris
1250,26.625549411586857,polaris
1260,26.483064958361552,polaris
1270,26.499625081854514,polaris
1280,26.516185212931312,polaris
1290,26.532745344008113,polaris
1300,26.54930547508491,polaris
1310,26.565865606161708,polaris
1320,26.58242573723851,polaris
1330,26.527104347030456,polaris
1340,26.471782953394825,polaris
1350,26.416461559759195,polaris
1360,26.361140166123565,polaris
1370,26.30581877248793,polaris
1380,26.2504973788523,polaris
1390,26.234576483282645,polaris
1400,26.218655589591748,polaris
1410,26.20273469590085,polaris
1420,26.186813802209954,polaris
1430,26.170892908519058,polaris
1440,26.15497201482816,polaris
1450,26.139051121137264,polaris
1460,26.123130227446367,polaris
1470,26.10720933375547,polaris
1480,26.091288440064574,polaris
1490,26.075367546373677,polaris
1500,26.091535127853668,polaris
1510,26.107702710863755,polaris
1520,26.123870293873843,polaris
1530,26.140037876883934,polaris
1540,26.15620545989402,polaris
1550,26.12919067367781,polaris
1560,26.058993509998917,polaris
1570,25.988796346320026,polaris
1580,25.91859918264113,polaris
1590,25.848402018962236,polaris
1600,25.77820485528334,polaris
1610,25.772605280019505,polaris
1620,25.76700570783592,polaris
1630,25.761406135652337,polaris
1640,25.755806563468752,polaris
1650,25.750206991285168,polaris
1660,25.76949160410699,polaris
1670,25.813660406680498,polaris
1680,25.857829209254003,polaris
1690,25.901998011827512,polaris
1700,25.94616681440102,polaris
1710,25.990335616974527,polaris
1720,25.929659557201244,polaris
1730,25.868983492428566,polaris
1740,25.808307427655887,polaris
1750,25.747631362883208,polaris
1760,25.68695529811053,polaris
1770,25.649283395851516,polaris
1780,25.634615660493857,polaris
1790,25.6199479251362,polaris
1800,25.60528018977854,polaris
1810,25.59061245442088,polaris
1820,25.575944719063223,polaris
1830,25.516754877318473,polaris
1840,25.45756503345075,polaris
1850,25.398375189583025,polaris
1860,25.339185345715297,polaris
1870,25.279995501847573,polaris
1880,25.267419421825252,polaris
1890,25.301457114539204,polaris
1900,25.335494807253156,polaris
1910,25.369532499967107,polaris
1920,25.40357019268106,polaris
1930,25.43760788539501,polaris
1940,25.475171695312714,polaris
1950,25.512735505398553,polaris
1960,25.550299315484395,polaris
1970,25.587863125570234,polaris
1980,25.625426935656076,polaris
1990,25.659234827163868,polaris
400,42.07603386585755,polaris
410,40.36954444439567,polaris
420,38.66305502293379,polaris
430,37.69846588245181,polaris
440,37.475777235209144,polaris
450,37.253088587966474,polaris
460,37.0303999407238,polaris
470,36.80771129348113,polaris
480,36.58502264623845,polaris
490,36.065555697069065,polaris
500,35.546088726672444,polaris
510,35.026621756275816,polaris
520,34.507154785879194,polaris
530,33.98768781548257,polaris
540,33.68960631366682,polaris
550,33.61291034377084,polaris
560,33.53621437387487,polaris
570,33.45951840397889,polaris
580,33.38282243408292,polaris
590,33.30612646418694,polaris
600,33.25249641389839,polaris
610,33.19886636525965,polaris
620,33.14523631662091,polaris
630,33.091606267982165,polaris
640,33.03797621934342,polaris
650,32.88185209941205,polaris
660,32.62323387886426,polaris
670,32.364615658316474,polaris
680,32.105997437768686,polaris
690,31.847379217220897,polaris
700,31.58876099667311,polaris
710,31.40229293241385,polaris
720,31.287975045085453,polaris
730,31.173657157757056,polaris
740,31.05933927042866,polaris
750,30.94502138310026,polaris
760,30.830703495771864,polaris
770,30.716385608443463,polaris
780,30.602067721115066,polaris
790,30.48774983378667,polaris
800,30.373431946458272,polaris
810,30.259114059129875,polaris
820,30.201043577170136,polaris
830,30.14297309923353,polaris
840,30.08490262129692,polaris
850,30.02683214336031,polaris
860,29.9687616654237,polaris
870,29.910691187487092,polaris
880,29.852620709550482,polaris
890,29.794550231613872,polaris
900,29.736479753677266,polaris
910,29.678409275740655,polaris
920,29.62553239131787,polaris
930,29.577849101894806,polaris
940,29.53016581247174,polaris
950,29.482482523048677,polaris
960,29.434799233625615,polaris
970,29.38711594420255,polaris
980,29.26998342776517,polaris
990,29.152850906360392,polaris
1000,29.03571838495562,polaris
1010,28.91858586355084,polaris
1020,28.801453342146065,polaris
1030,28.684320820741288,polaris
1040,28.627337072381202,polaris
1050,28.57035332832329,polaris
1060,28.513369584265376,polaris
1070,28.456385840207464,polaris
1080,28.399402096149547,polaris
1090,28.292004442966523,polaris
1100,28.134192866234844,polaris
1110,27.97638128950317,polaris
1120,27.818569712771495,polaris
1130,27.66075813603982,polaris
1140,27.502946559308146,polaris
1150,27.46411251372379,polaris
1160,27.425278476649368,polaris
1170,27.386444439574944,polaris
1180,27.347610402500525,polaris
1190,27.3087763654261,polaris
1200,27.24632357727906,polaris
1210,27.16025203130202,polaris
1220,27.07418048532498,polaris
1230,26.988108939347942,polaris
1240,26.9020373933709,polaris
1250,26.815965847393862,polaris
1260,26.729894301416824,polaris
1270,26.73893811464003,polaris
1280,26.747981934666413,polaris
1290,26.757025754692798,polaris
1300,26.766069574719182,polaris
1310,26.775113394745567,polaris
1320,26.78415721477195,polaris
1330,26.718183628586388,polaris
1340,26.65221003703516,polaris
1350,26.586236445483934,polaris
1360,26.52026285393271,polaris
1370,26.454289262381483,polaris
1380,26.388315670830256,polaris
1390,26.376432024156713,polaris
1400,26.36454838135198,polaris
1410,26.352664738547247,polaris
1420,26.340781095742518,polaris
1430,26.328897452937785,polaris
1440,26.31701381013305,polaris
1450,26.305130167328322,polaris
1460,26.29324652452359,polaris
1470,26.28136288171886,polaris
1480,26.269479238914126,polaris
1490,26.257595596109393,polaris
1500,26.2493664198352,polaris
1510,26.2411372438224,polaris
1520,26.232908067809596,polaris
1530,26.224678891796792,polaris
1540,26.216449715783988,polaris
1550,26.183560845058594,polaris
1560,26.12601227256542,polaris
1570,26.068463700072243,polaris
1580,26.010915127579064,polaris
1590,25.95336655508589,polaris
1600,25.89581798259271,polaris
1610,25.887024259514156,polaris
1620,25.878230539922818,polaris
1630,25.86943682033148,polaris
1640,25.86064310074014,polaris
1650,25.851849381148803,polaris
1660,25.866145673437416,polaris
1670,25.90353198421208,polaris
1680,25.940918294986748,polaris
1690,25.978304605761412,polaris
1700,26.01569091653608,polaris
1710,26.053077227310744,polaris
1720,25.986929769729468,polaris
1730,25.92078230474288,polaris
1740,25.854634839756294,polaris
1750,25.788487374769705,polaris
1760,25.722339909783116,polaris
1770,25.681071128985028,polaris
1780,25.66468103949328,polaris
1790,25.648290950001535,polaris
1800,25.63190086050979,polaris
1810,25.615510771018045,polaris
1820,25.599120681526298,polaris
1830,25.54265092241638,polaris
1840,25.486181160439745,polaris
1850,25.42971139846311,polaris
1860,25.37324163648647,polaris
1870,25.316771874509833,polaris
1880,25.312746615392676,polaris
1890,25.361165874139505,polaris
1900,25.40958513288633,polaris
1910,25.458004391633157,polaris
1920,25.506423650379983,polaris
1930,25.55484290912681,polaris
1940,25.599634198511637,polaris
1950,25.644425487636973,polaris
1960,25.689216776762308,polaris
1970,25.734008065887647,polaris
1980,25.778799355012982,polaris
1990,25.80672778695556,polaris
400,42.00218938503723,polaris
410,40.295281426322276,polaris
420,38.588373467607326,polaris
430,37.5894682245412,polaris
440,37.2985658996851,polaris
450,37.007663574829,polaris
460,36.716761249972905,polaris
470,36.425858925116806,polaris
480,36.13495660026071,polaris
490,35.672145137306096,polaris
500,35.20933366205558,polaris
510,34.746522186805066,polaris
520,34.28371071155455,polaris
530,33.82089923630404,polaris
540,33.54640668464493,polaris
550,33.46023311045571,polaris
560,33.37405953626649,polaris
570,33.287885962077276,polaris
580,33.20171238788806,polaris
590,33.11553881369884,polaris
600,33.07317989788042,polaris
610,33.030820985195874,polaris
620,32.988462072511325,polaris
630,32.946103159826784,polaris
640,32.903744247142235,polaris
650,32.75200550455687,polaris
660,32.490886900776864,polaris
670,32.22976829699686,polaris
680,31.968649693216854,polaris
690,31.707531089436852,polaris
700,31.446412485656847,polaris
710,31.2593159606788,polaris
720,31.146241535680605,polaris
730,31.03316711068241,polaris
740,30.920092685684214,polaris
750,30.807018260686018,polaris
760,30.693943835687822,polaris
770,30.580869410689626,polaris
780,30.46779498569143,polaris
790,30.354720560693234,polaris
800,30.24164613569504,polaris
810,30.128571710696843,polaris
820,30.063174517532204,polaris
830,29.99777732777771,polaris
840,29.932380138023216,polaris
850,29.86698294826872,polaris
860,29.801585758514225,polaris
870,29.73618856875973,polaris
880,29.670791379005234,polaris
890,29.605394189250738,polaris
900,29.539996999496243,polaris
910,29.47459980974175,polaris
920,29.42347620830938,polaris
930,29.386626199282848,polaris
940,29.349776190256318,polaris
950,29.312926181229784,polaris
960,29.27607617220325,polaris
970,29.23922616317672,polaris
980,29.090578508086576,polaris
990,28.941930845000044,polaris
1000,28.793283181913512,polaris
1010,28.644635518826977,polaris
1020,28.495987855740445,polaris
1030,28.347340192653913,polaris
1040,28.262132991699513,polaris
1050,28.176925795282727,polaris
1060,28.091718598865942,polaris
1070,28.006511402449156,polaris
1080,27.921304206032367,polaris
1090,27.811937339944805,polaris
1100,27.67841079727433,polaris
1110,27.544884254603858,polaris
1120,27.411357711933384,polaris
1130,27.27783116926291,polaris
1140,27.144304626592437,polaris
1150,27.123514343491035,polaris
1160,27.10272406845316,polaris
1170,27.081933793415285,polaris
1180,27.06114351837741,polaris
1190,27.04035324333953,polaris
1200,26.98653816141805,polaris
1210,26.899698263164485,polaris
1220,26.812858364910923,polaris
1230,26.72601846665736,polaris
1240,26.639178568403796,polaris
1250,26.552338670150235,polaris
1260,26.465498771896673,polaris
1270,26.494003803364254,polaris
1280,26.522508843081948,polaris
1290,26.55101388279964,polaris
1300,26.579518922517334,polaris
1310,26.608023962235027,polaris
1320,26.63652900195272,polaris
1330,26.576264565954745,polaris
1340,26.516000123607487,polaris
1350,26.455735681260226,polaris
1360,26.395471238912965,polaris
1370,26.335206796565707,polaris
1380,26.274942354218446,polaris
1390,26.254982867204422,polaris
1400,26.23502338307323,polaris
1410,26.21506389894204,polaris
1420,26.19510441481085,polaris
1430,26.17514493067966,polaris
1440,26.15518544654847,polaris
1450,26.13522596241728,polaris
1460,26.115266478286088,polaris
1470,26.095306994154896,polaris
1480,26.075347510023708,polaris
1490,26.055388025892515,polaris
1500,26.056845265585906,polaris
1510,26.058302506811142,polaris
1520,26.059759748036377,polaris
1530,26.06121698926161,polaris
1540,26.062674230486845,polaris
1550,26.039551796881767,polaris
1560,25.991849681414077,polaris
1570,25.944147565946388,polaris
1580,25.896445450478698,polaris
1590,25.848743335011008,polaris
1600,25.80104121954332,polaris
1610,25.81293303020164,polaris
1620,25.824824845122453,polaris
1630,25.836716660043262,polaris
1640,25.848608474964074,polaris
1650,25.860500289884886,polaris
1660,25.88210351025801,polaris
1670,25.9134181388619,polaris
1680,25.944732767465794,polaris
1690,25.976047396069685,polaris
1700,26.007362024673576,polaris
1710,26.038676653277466,polaris
1720,25.95096279286867,polaris
1730,25.863248923946294,polaris
1740,25.775535055023916,polaris
1750,25.687821186101537,polaris
1760,25.600107317179162,polaris
1770,25.567061318420688,polaris
1780,25.588683205466722,polaris
1790,25.610305092512757,polaris
1800,25.631926979558788,polaris
1810,25.653548866604822,polaris
1820,25.675170753650857,polaris
1830,25.593126213168453,polaris
1840,25.51108166527125,polaris
1850,25.429037117374044,polaris
1860,25.34699256947684,polaris
1870,25.264948021579634,polaris
1880,25.24423812163795,polaris
1890,25.284862887199775,polaris
1900,25.325487652761606,polaris
1910,25.366112418323432,polaris
1920,25.406737183885262,polaris
1930,25.44736194944709,polaris
1940,25.459707892758217,polaris
1950,25.472053834046687,polaris
1960,25.48439977533516,polaris
1970,25.49674571662363,polaris
1980,25.509091657912098,polaris
1990,25.53197065678179,polaris
400,92.8764978449895,fedbuff
410,93.77518416503888,fedbuff
420,91.44782151494192,fedbuff
430,85.89440958703861,fedbuff
440,80.3409976591353,fedbuff
450,74.78758573123199,fedbuff
460,69.23417380332866,fedbuff
470,63.68076187542535,fedbuff
480,63.32966416582783,fedbuff
490,62.97856658026314,fedbuff
500,62.62746899469846,fedbuff
510,62.27637140913377,fedbuff
520,61.92527382356909,fedbuff
530,61.574176238004405,fedbuff
540,61.223078652439725,fedbuff
550,60.87198106687504,fedbuff
560,60.520883481310356,fedbuff
570,60.16978589574567,fedbuff
580,59.81868831018099,fedbuff
590,59.4675907246163,fedbuff
600,59.11649313905162,fedbuff
610,58.76539555348694,fedbuff
620,58.41429796792225,fedbuff
630,58.063200382357564,fedbuff
640,57.712102796792884,fedbuff
650,57.3610052112282,fedbuff
660,57.009907625663516,fedbuff
670,56.658810040098835,fedbuff
680,56.30771245453415,fedbuff
690,55.95661486896947,fedbuff
700,55.60551728340478,fedbuff
710,55.2544196978401,fedbuff
720,54.687873002509235,fedbuff
730,53.905877176865374,fedbuff
740,53.12388135122151,fedbuff
750,52.34188552557765,fedbuff
760,51.55988969993379,fedbuff
770,50.77789387428993,fedbuff
780,50.12028356975751,fedbuff
790,49.587058798198875,fedbuff
800,49.05383402664024,fedbuff
810,48.5206092550816,fedbuff
820,47.987384483522966,fedbuff
830,47.45415971196433,fedbuff
840,47.083086941605,fedbuff
850,46.87416618790901,fedbuff
860,46.66524543421302,fedbuff
870,46.456324680517035,fedbuff
880,46.24740392682104,fedbuff
890,46.03848317312505,fedbuff
900,45.82956241942907,fedbuff
910,45.620641665733075,fedbuff
920,45.41172091203708,fedbuff
930,45.2028001583411,fedbuff
940,44.99387940464511,fedbuff
950,44.784958650949115,fedbuff
960,44.57603789725313,fedbuff
970,44.36711714355714,fedbuff
980,44.158196389861146,fedbuff
990,43.949275636165154,fedbuff
1000,43.74035488246917,fedbuff
1010,43.53143412877318,fedbuff
1020,43.322513375077186,fedbuff
1030,43.1135926213812,fedbuff
1040,42.90467186768521,fedbuff
1050,42.69575111398922,fedbuff
1060,42.48683036029323,fedbuff
1070,42.28593188514187,fedbuff
1080,42.093055689300215,fedbuff
1090,41.90017949345856,fedbuff
1100,41.707303297616896,fedbuff
1110,41.51442710177524,fedbuff
1120,41.321550905933584,fedbuff
1130,41.12867471009192,fedbuff
1140,40.935798514250266,fedbuff
1150,40.74292231840861,fedbuff
1160,40.55004612256695,fedbuff
1170,40.35716992672529,fedbuff
1180,40.164293730883635,fedbuff
1190,39.99818273291191,fedbuff
1200,39.85883693536264,fedbuff
1210,39.71949113781338,fedbuff
1220,39.58014534026411,fedbuff
1230,39.44079954271485,fedbuff
1240,39.30145374516558,fedbuff
1250,39.16210794761631,fedbuff
1260,39.02276215006705,fedbuff
1270,38.883416352517784,fedbuff
1280,38.74407055496852,fedbuff
1290,38.604724757419255,fedbuff
1300,38.41795130114498,fedbuff
1310,38.23117784373994,fedbuff
1320,38.044404386334904,fedbuff
1330,37.857630928929865,fedbuff
1340,37.670857471524826,fedbuff
1350,37.484084014119794,fedbuff
1360,37.297310556714756,fedbuff
1370,37.11053709930972,fedbuff
1380,36.92376364190468,fedbuff
1390,36.73699018449964,fedbuff
1400,36.5502167270946,fedbuff
1410,36.36344326968957,fedbuff
1420,36.17666981228453,fedbuff
1430,35.998981205727354,fedbuff
1440,35.82129259938679,fedbuff
1450,35.64360399304621,fedbuff
1460,35.465915386705646,fedbuff
1470,35.28822678036507,fedbuff
1480,35.1105381740245,fedbuff
1490,34.93284956768393,fedbuff
1500,34.75516096134336,fedbuff
1510,34.57747235500279,fedbuff
1520,34.399783748662216,fedbuff
1530,34.22209514232164,fedbuff
1540,34.07126142913764,fedbuff
1550,33.947282611671305,fedbuff
1560,33.82330379420496,fedbuff
1570,33.699324976738616,fedbuff
1580,33.57534615927227,fedbuff
1590,33.45136734180593,fedbuff
1600,33.32738852433958,fedbuff
1610,33.20340970687324,fedbuff
1620,33.0794308894069,fedbuff
1630,32.955452071940556,fedbuff
1640,32.83147325447421,fedbuff
1650,32.77640397054249,fedbuff
1660,32.7213346882537,fedbuff
1670,32.66626540596491,fedbuff
1680,32.611196123676116,fedbuff
1690,32.55612684138732,fedbuff
1700,32.50105755909853,fedbuff
1710,32.445988276809736,fedbuff
1720,32.390918994520945,fedbuff
1730,32.335849712232154,fedbuff
1740,32.28078042994336,fedbuff
1750,32.22571114765457,fedbuff
1760,32.17064186536578,fedbuff
1770,32.11557258307699,fedbuff
1780,32.05835309409957,fedbuff
1790,32.0011336050709,fedbuff
1800,31.94391411604222,fedbuff
1810,31.88669462701354,fedbuff
1820,31.82947513798486,fedbuff
1830,31.772255648956182,fedbuff
1840,31.715036159927507,fedbuff
1850,31.65781667089883,fedbuff
1860,31.60059718187015,fedbuff
1870,31.54337769284147,fedbuff
1880,31.486158203812792,fedbuff
1890,31.428938714784113,fedbuff
1900,31.371719225755438,fedbuff
1910,31.299962755687197,fedbuff
1920,31.21366930319304,fedbuff
1930,31.127375850698883,fedbuff
1940,31.041082398204725,fedbuff
1950,30.95478894571057,fedbuff
1960,30.86849549321641,fedbuff
1970,30.782202040722254,fedbuff
1980,30.695908588228097,fedbuff
1990,30.60961513573394,fedbuff
400,89.94349189519559,fedbuff
410,88.81576884513568,fedbuff
420,87.68804579507575,fedbuff
430,86.56032274501584,fedbuff
440,85.43259969495591,fedbuff
450,84.304876644896,fedbuff
460,83.17715359483607,fedbuff
470,82.04943054477616,fedbuff
480,80.92170749471623,fedbuff
490,79.7939844446563,fedbuff
500,78.66626139459639,fedbuff
510,77.53853834453648,fedbuff
520,76.41081529447655,fedbuff
530,75.28309224441662,fedbuff
540,74.15536919435671,fedbuff
550,73.02764614429678,fedbuff
560,71.89992309423687,fedbuff
570,70.77220004417694,fedbuff
580,69.64447699411701,fedbuff
590,68.5167539440571,fedbuff
600,67.38903089399719,fedbuff
610,66.26130784393726,fedbuff
620,65.13358479387733,fedbuff
630,64.00586174381742,fedbuff
640,62.8781386937575,fedbuff
650,61.75041564369757,fedbuff
660,60.62269259363765,fedbuff
670,59.49496954357773,fedbuff
680,58.36724649351781,fedbuff
690,57.23952344345789,fedbuff
700,56.11180039339797,fedbuff
710,55.25065755494847,fedbuff
720,54.193639388848084,fedbuff
730,53.1366212227477,fedbuff
740,52.07960305664732,fedbuff
750,51.02258489054694,fedbuff
760,49.96556672444655,fedbuff
770,48.90854855834617,fedbuff
780,47.85153039224579,fedbuff
790,46.79451222614541,fedbuff
800,45.73749406004502,fedbuff
810,44.68047589394464,fedbuff
820,43.975093260889906,fedbuff
830,43.621346295019165,fedbuff
840,43.26759932914842,fedbuff
850,42.91385236327768,fedbuff
860,42.56010539740693,fedbuff
870,42.20635843153619,fedbuff
880,41.85261146566545,fedbuff
890,41.4988644997947,fedbuff
900,41.14511753392396,fedbuff
910,40.79137056805321,fedbuff
920,40.43762360218247,fedbuff
930,40.08387663631172,fedbuff
940,39.73012967044098,fedbuff
950,39.768240428230875,fedbuff
960,39.80635122339124,fedbuff
970,39.8444620185516,fedbuff
980,39.88257281371197,fedbuff
990,39.92068360887233,fedbuff
1000,39.9587944040327,fedbuff
1010,39.996905199193066,fedbuff
1020,40.03501599435343,fedbuff
1030,40.07312678951379,fedbuff
1040,40.11123758467416,fedbuff
1050,40.14934837983453,fedbuff
1060,39.99721599839957,fedbuff
1070,39.84508359882161,fedbuff
1080,39.69295119924365,fedbuff
1090,39.54081879966569,fedbuff
1100,39.38868640008773,fedbuff
1110,39.23655400050977,fedbuff
1120,39.08442160093181,fedbuff
1130,38.93228920135385,fedbuff
1140,38.780156801775895,fedbuff
1150,38.62802440219793,fedbuff
1160,38.47589200261997,fedbuff
1170,38.323759603042014,fedbuff
1180,38.171627203464055,fedbuff
1190,38.0194948038861,fedbuff
1200,37.86736240430813,fedbuff
1210,37.715230004730174,fedbuff
1220,37.563097605152215,fedbuff
1230,37.41096520557426,fedbuff
1240,37.2588328059963,fedbuff
1250,37.106700406418334,fedbuff
1260,36.954568006840375,fedbuff
1270,36.80243560726242,fedbuff
1280,36.65030320768446,fedbuff
1290,36.498170808106494,fedbuff
1300,36.32813911957648,fedbuff
1310,36.15810742933944,fedbuff
1320,35.988075739102406,fedbuff
1330,35.818044048865374,fedbuff
1340,35.64801235862834,fedbuff
1350,35.47798066839131,fedbuff
1360,35.30794897815427,fedbuff
1370,35.13791728791724,fedbuff
1380,34.96788559768021,fedbuff
1390,34.79785390744318,fedbuff
1400,34.627822217206145,fedbuff
1410,34.562131541475644,fedbuff
1420,34.49644087569588,fedbuff
1430,34.43075020991613,fedbuff
1440,34.365059544136365,fedbuff
1450,34.2993688783566,fedbuff
1460,34.23367821257684,fedbuff
1470,34.16798754679708,fedbuff
1480,34.10229688101732,fedbuff
1490,34.036606215237555,fedbuff
1500,33.97091554945779,fedbuff
1510,33.90522488367804,fedbuff
1520,33.839534217898276,fedbuff
1530,33.773843552118514,fedbuff
1540,33.70815288633875,fedbuff
1550,33.64246222055899,fedbuff
1560,33.57677155477923,fedbuff
1570,33.511080888999466,fedbuff
1580,33.445390223219704,fedbuff
1590,33.37969955743995,fedbuff
1600,33.31400889166019,fedbuff
1610,33.248318225880425,fedbuff
1620,33.18262756010066,fedbuff
1630,33.1169368943209,fedbuff
1640,33.05124622854114,fedbuff
1650,32.82579394526563,fedbuff
1660,32.60034164675406,fedbuff
1670,32.37488934824249,fedbuff
1680,32.14943704973092,fedbuff
1690,31.92398475121935,fedbuff
1700,31.728141399810244,fedbuff
1710,31.56190700679852,fedbuff
1720,31.395672613786797,fedbuff
1730,31.229438220775073,fedbuff
1740,31.06320382776335,fedbuff
1750,30.896969434751625,fedbuff
1760,30.79488467223909,fedbuff
1770,30.69279991584434,fedbuff
1780,30.59071515944959,fedbuff
1790,30.488630403054838,fedbuff
1800,30.38654564666009,fedbuff
1810,30.28446089026534,fedbuff
1820,30.18237613387059,fedbuff
1830,30.080291377475838,fedbuff
1840,29.97820662108109,fedbuff
1850,29.87612186468634,fedbuff
1860,29.774037108291587,fedbuff
1870,29.671952351896838,fedbuff
1880,29.56986759550209,fedbuff
1890,29.467782839107336,fedbuff
1900,29.365698082712587,fedbuff
1910,29.36505308788942,fedbuff
1920,29.364408102740306,fedbuff
1930,29.36376311759119,fedbuff
1940,29.363118132442075,fedbuff
1950,29.36247314729296,fedbuff
1960,29.361828162143844,fedbuff
1970,29.36118317699473,fedbuff
1980,29.360538191845613,fedbuff
1990,29.359893206696498,fedbuff
400,58.920676105013996,fedbuff
410,60.0591122885704,fedbuff
420,61.1975484721268,fedbuff
430,60.19118433924429,fedbuff
440,59.18482010408971,fedbuff
450,58.17845586893513,fedbuff
460,57.17209163378056,fedbuff
470,56.16572739862598,fedbuff
480,55.159363163471404,fedbuff
490,54.152998928316826,fedbuff
500,53.14663469316225,fedbuff
510,52.14027045800768,fedbuff
520,51.1339062228531,fedbuff
530,50.12754198769852,fedbuff
540,49.12117775254394,fedbuff
550,48.114813517389365,fedbuff
560,47.10844928223479,fedbuff
570,46.10208504708021,fedbuff
580,45.09572081192563,fedbuff
590,44.08935657677106,fedbuff
600,43.799440155960816,fedbuff
610,43.50952376931347,fedbuff
620,43.21960738266612,fedbuff
630,42.92969099601878,fedbuff
640,42.63977460937143,fedbuff
650,42.34985822272408,fedbuff
660,42.05994183607673,fedbuff
670,41.77002544942938,fedbuff
680,41.48010906278204,fedbuff
690,41.19019267613469,fedbuff
700,40.900276289487344,fedbuff
710,40.765453501988375,fedbuff
720,40.63063072188484,fedbuff
730,40.49580794178131,fedbuff
740,40.360985161677775,fedbuff
750,40.22616238157425,fedbuff
760,40.091339601470715,fedbuff
770,39.95651682136718,fedbuff
780,39.821694041263655,fedbuff
790,39.68687126116012,fedbuff
800,39.55204848105659,fedbuff
810,39.417225700953054,fedbuff
820,39.28240292084953,fedbuff
830,39.147580140745994,fedbuff
840,39.01275736064246,fedbuff
850,38.87793458053893,fedbuff
860,38.54658056588148,fedbuff
870,38.21522654185269,fedbuff
880,37.883872517823896,fedbuff
890,37.5525184937951,fedbuff
900,37.22116446976631,fedbuff
910,36.88981044573752,fedbuff
920,36.558456421708726,fedbuff
930,36.22710239767993,fedbuff
940,35.89574837365114,fedbuff
950,35.721073853452275,fedbuff
960,35.54639934072446,fedbuff
970,35.37172482799666,fedbuff
980,35.197050315268854,fedbuff
990,35.02237580254105,fedbuff
1000,34.847701289813244,fedbuff
1010,34.67302677708544,fedbuff
1020,34.49835226435763,fedbuff
1030,34.32367775162982,fedbuff
1040,34.14900323890202,fedbuff
1050,33.974328726174214,fedbuff
1060,33.90610884036102,fedbuff
1070,33.83788895962399,fedbuff
1080,33.76966907888695,fedbuff
1090,33.70144919814991,fedbuff
1100,33.63322931741288,fedbuff
1110,33.56500943667584,fedbuff
1120,33.4967895559388,fedbuff
1130,33.428569675201764,fedbuff
1140,33.360349794464724,fedbuff
1150,33.292129913727685,fedbuff
1160,33.22391003299065,fedbuff
1170,33.15569015225361,fedbuff
1180,33.08747027151657,fedbuff
1190,33.01925039077954,fedbuff
1200,32.9510305100425,fedbuff
1210,32.86507760249752,fedbuff
1220,32.77912469410696,fedbuff
1230,32.69317178571641,fedbuff
1240,32.60721887732585,fedbuff
1250,32.52126596893529,fedbuff
1260,32.435313060544736,fedbuff
1270,32.349360152154176,fedbuff
1280,32.26340724376362,fedbuff
1290,32.17745433537306,fedbuff
1300,32.028712136361634,fedbuff
1310,31.87996993435617,fedbuff
1320,31.731227732350707,fedbuff
1330,31.582485530345245,fedbuff
1340,31.433743328339787,fedbuff
1350,31.285001126334326,fedbuff
1360,31.136258924328864,fedbuff
1370,30.987516722323402,fedbuff
1380,30.83877452031794,fedbuff
1390,30.69003231831248,fedbuff
1400,30.541290116307017,fedbuff
1410,30.4485345992383,fedbuff
1420,30.355779084839238,fedbuff
1430,30.263023570440176,fedbuff
1440,30.17026805604111,fedbuff
1450,30.077512541642047,fedbuff
1460,29.984757027242985,fedbuff
1470,29.892001512843922,fedbuff
1480,29.799245998444857,fedbuff
1490,29.706490484045794,fedbuff
1500,29.613734969646732,fedbuff
1510,29.52097945524767,fedbuff
1520,29.428223940848603,fedbuff
1530,29.33546842644954,fedbuff
1540,29.24271291205048,fedbuff
1550,29.149957397651413,fedbuff
1560,29.078349806297457,fedbuff
1570,29.006742215951906,fedbuff
1580,28.93513462560636,fedbuff
1590,28.863527035260812,fedbuff
1600,28.791919444915266,fedbuff
1610,28.720311854569715,fedbuff
1620,28.64870426422417,fedbuff
1630,28.57709667387862,fedbuff
1640,28.512450505799695,fedbuff
1650,28.447804338052716,fedbuff
1660,28.38315817030574,fedbuff
1670,28.318512002558762,fedbuff
1680,28.253865834811783,fedbuff
1690,28.189219667064805,fedbuff
1700,28.124573499317826,fedbuff
1710,28.052947476104755,fedbuff
1720,27.98132145255886,fedbuff
1730,27.90969542901296,fedbuff
1740,27.838069405467063,fedbuff
1750,27.766443381921167,fedbuff
1760,27.69481735837527,fedbuff
1770,27.62319133482937,fedbuff
1780,27.551565311283476,fedbuff
1790,27.50752418570243,fedbuff
1800,27.463483061436733,fedbuff
1810,27.419441937171037,fedbuff
1820,27.37540081290534,fedbuff
1830,27.331359688639644,fedbuff
1840,27.287318564373944,fedbuff
1850,27.243277440108248,fedbuff
1860,27.19923631584255,fedbuff
1870,27.155195191576855,fedbuff
1880,27.11115406731116,fedbuff
1890,27.067112943045462,fedbuff
1900,27.023071818779766,fedbuff
1910,26.97903069451407,fedbuff
1920,26.934989570248373,fedbuff
1930,26.890948445982676,fedbuff
1940,26.84690732171698,fedbuff
1950,26.802866197451284,fedbuff
1960,26.758825073185587,fedbuff
1970,26.714783948919887,fedbuff
1980,26.67074282465419,fedbuff
1990,26.65608465037567,fedbuff
400,66.54256112469915,fedbuff
410,65.57432819577798,fedbuff
420,64.51314510630145,fedbuff
430,63.451962016824915,fedbuff
440,62.39077892734838,fedbuff
450,61.32959583787185,fedbuff
460,60.26841274839531,fedbuff
470,59.20722965891878,fedbuff
480,58.14604656944225,fedbuff
490,57.08486347996571,fedbuff
500,56.023680390489176,fedbuff
510,54.96249730101265,fedbuff
520,53.90131421153611,fedbuff
530,52.840131122059574,fedbuff
540,51.77894803258304,fedbuff
550,50.71776494310651,fedbuff
560,49.65658185362997,fedbuff
570,48.59539876415344,fedbuff
580,47.94841619621857,fedbuff
590,47.715634268329104,fedbuff
600,47.48285234043964,fedbuff
610,47.25007041255018,fedbuff
620,47.01728848466072,fedbuff
630,46.78450655677125,fedbuff
640,46.551724628881786,fedbuff
650,46.318942700992324,fedbuff
660,46.08616077310286,fedbuff
670,45.85337884521339,fedbuff
680,45.62059691732393,fedbuff
690,45.38781498943447,fedbuff
700,45.155033061545005,fedbuff
710,44.70898545158085,fedbuff
720,44.262937826362744,fedbuff
730,43.816890201144645,fedbuff
740,43.37084257592654,fedbuff
750,42.92479495070844,fedbuff
760,42.47874732549033,fedbuff
770,42.207721482439084,fedbuff
780,41.93669565190636,fedbuff
790,41.66566982137365,fedbuff
800,41.39464399084093,fedbuff
810,41.12361816030821,fedbuff
820,40.8525923297755,fedbuff
830,40.581566499242776,fedbuff
840,40.31054066871006,fedbuff
850,40.03951483817735,fedbuff
860,39.768489007644625,fedbuff
870,39.49746317711191,fedbuff
880,39.22643734657919,fedbuff
890,38.955411516046475,fedbuff
900,38.68438568551375,fedbuff
910,38.41335985498104,fedbuff
920,38.142334024448324,fedbuff
930,37.930136729823644,fedbuff
940,37.77676798793798,fedbuff
950,37.62339924605232,fedbuff
960,37.47003050416666,fedbuff
970,37.316661762280994,fedbuff
980,37.163293020395336,fedbuff
990,37.00992427850967,fedbuff
1000,36.856555536624015,fedbuff
1010,36.70318679473835,fedbuff
1020,36.54981805285269,fedbuff
1030,36.39644931096703,fedbuff
1040,36.243080569081364,fedbuff
1050,36.08971182719571,fedbuff
1060,35.85046013730774,fedbuff
1070,35.61120844127695,fedbuff
1080,35.37195674524616,fedbuff
1090,35.13270504921537,fedbuff
1100,34.893453353184576,fedbuff
1110,34.654201657153784,fedbuff
1120,34.53235606952766,fedbuff
1130,34.41051049029907,fedbuff
1140,34.288664911070484,fedbuff
1150,34.1668193318419,fedbuff
1160,34.04497375261331,fedbuff
1170,33.923128173384725,fedbuff
1180,33.801282594156135,fedbuff
1190,33.67943701492755,fedbuff
1200,33.55759143569896,fedbuff
1210,33.435745856470376,fedbuff
1220,33.313900277241785,fedbuff
1230,33.1920546980132,fedbuff
1240,33.07020911878461,fedbuff
1250,32.94836353955603,fedbuff
1260,32.82651796032744,fedbuff
1270,32.70467238109885,fedbuff
1280,32.5793537116877,fedbuff
1290,32.45056195110032,fedbuff
1300,32.32177019051294,fedbuff
1310,32.19297842992556,fedbuff
1320,32.064186669338184,fedbuff
1330,31.935394908750805,fedbuff
1340,31.806603148163425,fedbuff
1350,31.677811387576046,fedbuff
1360,31.59876897789411,fedbuff
1370,31.56947593335102,fedbuff
1380,31.54018288880793,fedbuff
1390,31.510889844264838,fedbuff
1400,31.481596799721746,fedbuff
1410,31.452303755178654,fedbuff
1420,31.423010710635563,fedbuff
1430,31.39371766609247,fedbuff
1440,31.36442462154938,fedbuff
1450,31.335131577006287,fedbuff
1460,31.3058385324632,fedbuff
1470,31.276545487920107,fedbuff
1480,31.144963555167575,fedbuff
1490,31.013381615098776,fedbuff
1500,30.881799675029974,fedbuff
1510,30.750217734961176,fedbuff
1520,30.618635794892377,fedbuff
1530,30.487053854823575,fedbuff
1540,30.355471914754776,fedbuff
1550,30.223889974685978,fedbuff
1560,30.092308034617176,fedbuff
1570,29.960726094548377,fedbuff
1580,29.82914415447958,fedbuff
1590,29.697562214410777,fedbuff
1600,29.565980274341978,fedbuff
1610,29.434398334273176,fedbuff
1620,29.40234806092965,fedbuff
1630,29.370297794705184,fedbuff
1640,29.338247528480718,fedbuff
1650,29.306197262256248,fedbuff
1660,29.27414699603178,fedbuff
1670,29.24209672980731,fedbuff
1680,29.210046463582845,fedbuff
1690,29.17799619735838,fedbuff
1700,29.14594593113391,fedbuff
1710,29.042489144057054,fedbuff
1720,28.867625815698247,fedbuff
1730,28.692762487339436,fedbuff
1740,28.51789915898063,fedbuff
1750,28.343035830621822,fedbuff
1760,28.168172502263012,fedbuff
1770,28.073544063493685,fedbuff
1780,28.059150537269215,fedbuff
1790,28.044757011044748,fedbuff
1800,28.03036348482028,fedbuff
1810,28.015969958595814,fedbuff
1820,28.001576432371348,fedbuff
1830,27.987182906146877,fedbuff
1840,27.97278937992241,fedbuff
1850,27.958395853697944,fedbuff
1860,27.944002327473477,fedbuff
1870,27.929608801249007,fedbuff
1880,27.91521527502454,fedbuff
1890,27.900821748800073,fedbuff
1900,27.886428222575606,fedbuff
1910,27.872034696351136,fedbuff
1920,27.85764117012667,fedbuff
1930,27.843247643902203,fedbuff
1940,27.828854117677736,fedbuff
1950,27.814460591453265,fedbuff
1960,27.8000670652288,fedbuff
1970,27.706945596334865,fedbuff
1980,27.613824121809866,fedbuff
1990,27.520702647284867,fedbuff
400,64.86999599884601,fedbuff
410,63.203285329955385,fedbuff
420,60.81608239187059,fedbuff
430,58.4288794537858,fedbuff
440,56.041676515701,fedbuff
450,53.6544735776162,fedbuff
460,51.267270639531404,fedbuff
470,49.892757950814676,fedbuff
480,49.5309357046214,fedbuff
490,49.169113458428114,fedbuff
500,48.80729121223484,fedbuff
510,48.44546896604155,fedbuff
520,48.08364671984827,fedbuff
530,47.72182447365499,fedbuff
540,47.360002227461706,fedbuff
550,46.99817998126842,fedbuff
560,46.636357735075144,fedbuff
570,46.27453548888186,fedbuff
580,45.91271324268858,fedbuff
590,45.5508909964953,fedbuff
600,45.18906875030201,fedbuff
610,44.827246504108736,fedbuff
620,44.46542425791545,fedbuff
630,44.103602011722174,fedbuff
640,43.74177976552889,fedbuff
650,43.379957519335605,fedbuff
660,43.01813527314233,fedbuff
670,42.65631302694904,fedbuff
680,42.29449078075576,fedbuff
690,41.93266853456248,fedbuff
700,41.5708462883692,fedbuff
710,41.847699934539165,fedbuff
720,42.12455361116357,fedbuff
730,42.40140728778798,fedbuff
740,42.67826096441239,fedbuff
750,42.9551146410368,fedbuff
760,42.6798723538799,fedbuff
770,41.852533997637735,fedbuff
780,41.02519564139557,fedbuff
790,40.197857285153404,fedbuff
800,39.37051892891124,fedbuff
810,38.54318057266907,fedbuff
820,37.715842216426914,fedbuff
830,37.600313480252986,fedbuff
840,37.48478477802078,fedbuff
850,37.369256075788584,fedbuff
860,37.25372737355639,fedbuff
870,37.13819867132418,fedbuff
880,37.022669969091986,fedbuff
890,36.90714126685979,fedbuff
900,36.79161256462759,fedbuff
910,36.67608386239539,fedbuff
920,36.56055516016319,fedbuff
930,36.44502645793099,fedbuff
940,36.32949775569879,fedbuff
950,36.21396905346659,fedbuff
960,36.098440351234395,fedbuff
970,35.98291164900219,fedbuff
980,35.86738294676999,fedbuff
990,35.751854244537796,fedbuff
1000,35.6363255423056,fedbuff
1010,35.520796840073395,fedbuff
1020,35.4052681378412,fedbuff
1030,35.289739435609,fedbuff
1040,35.174210733376796,fedbuff
1050,35.0586820311446,fedbuff
1060,35.021341772315346,fedbuff
1070,34.9840015172144,fedbuff
1080,34.94666126211346,fedbuff
1090,34.90932100701252,fedbuff
1100,34.87198075191158,fedbuff
1110,34.83464049681064,fedbuff
1120,34.7973002417097,fedbuff
1130,34.66437787022566,fedbuff
1140,34.531455494183895,fedbuff
1150,34.39853311814214,fedbuff
1160,34.265610742100385,fedbuff
1170,34.13268836605863,fedbuff
1180,33.99976599001687,fedbuff
1190,33.866843613975114,fedbuff
1200,33.73392123793336,fedbuff
1210,33.6009988618916,fedbuff
1220,33.46807648584984,fedbuff
1230,33.33515410980809,fedbuff
1240,33.20223173376633,fedbuff
1250,33.06930935772457,fedbuff
1260,32.936386981682816,fedbuff
1270,32.80346460564106,fedbuff
1280,32.670542229599306,fedbuff
1290,32.55099227947834,fedbuff
1300,32.44481475782878,fedbuff
1310,32.33863723617921,fedbuff
1320,32.23245971452965,fedbuff
1330,32.126282192880076,fedbuff
1340,32.020104671230506,fedbuff
1350,31.913927149580942,fedbuff
1360,31.807749627931372,fedbuff
1370,31.701572106281805,fedbuff
1380,31.59539458463224,fedbuff
1390,31.48921706298267,fedbuff
1400,31.383039541333105,fedbuff
1410,31.309490296183224,fedbuff
1420,31.235941052589183,fedbuff
1430,31.162391808995142,fedbuff
1440,31.0888425654011,fedbuff
1450,31.015293321807057,fedbuff
1460,30.941744078213016,fedbuff
1470,30.868194834618976,fedbuff
1480,30.794645591024935,fedbuff
1490,30.721096347430894,fedbuff
1500,30.640485439651034,fedbuff
1510,30.55281286633845,fedbuff
1520,30.465140293025865,fedbuff
1530,30.37746771971328,fedbuff
1540,30.289795146400696,fedbuff
1550,30.20212257308811,fedbuff
1560,30.114449999775527,fedbuff
1570,30.026777426462942,fedbuff
1580,29.939104853150358,fedbuff
1590,29.851432279837773,fedbuff
1600,29.76375970652519,fedbuff
1610,29.676087133212604,fedbuff
1620,29.58841455990002,fedbuff
1630,29.500741986587435,fedbuff
1640,29.43919602724877,fedbuff
1650,29.403776686867275,fedbuff
1660,29.368357346485784,fedbuff
1670,29.332938006104293,fedbuff
1680,29.297518665722798,fedbuff
1690,29.262099325341307,fedbuff
1700,29.226679984959816,fedbuff
1710,29.19126064457832,fedbuff
1720,29.15584130419683,fedbuff
1730,29.120421963815335,fedbuff
1740,29.085002623433844,fedbuff
1750,29.049583283052353,fedbuff
1760,29.01416394267086,fedbuff
1770,28.978744602289368,fedbuff
1780,28.943325261907876,fedbuff
1790,28.907905921526382,fedbuff
1800,28.87248658114489,fedbuff
1810,28.8370672407634,fedbuff
1820,28.801647900381905,fedbuff
1830,28.766228560000414,fedbuff
1840,28.730809219618923,fedbuff
1850,28.69131663508546,fedbuff
1860,28.647750805623122,fedbuff
1870,28.60418497616078,fedbuff
1880,28.560619146698443,fedbuff
1890,28.517053317236105,fedbuff
1900,28.473487487773767,fedbuff
1910,28.429921658311425,fedbuff
1920,28.386355828849087,fedbuff
1930,28.34278999938675,fedbuff
1940,28.299224169924408,fedbuff
1950,28.25565834046207,fedbuff
1960,28.21209251099973,fedbuff
1970,28.168526681537394,fedbuff
1980,28.124960852075052,fedbuff
1990,28.05961182700689,fedbuff
