Elapsed time,Accuracy (%),Method
120,0.010065957440518318,Pisces
170,0.010725531908603425,Pisces
220,0.011385106376688532,Pisces
270,0.012044680844773637,Pisces
320,0.012704255312858743,Pisces
370,0.013266666662693024,Pisces
420,0.024183332828680612,Pisces
470,0.0770999994953473,Pisces
520,0.10154444421132403,Pisces
570,0.1259888886557685,Pisces
620,0.15043333310021292,Pisces
670,0.16888181809165262,Pisces
720,0.17833636354619806,Pisces
770,0.18743846146510199,Pisces
820,0.19513076915740965,Pisces
870,0.20862857129369464,Pisces
920,0.2227714284365518,Pisces
970,0.2369142855794089,Pisces
1020,0.24859999992370607,Pisces
1070,0.2565999999237061,Pisces
1120,0.2665692305990366,Pisces
1170,0.28441538444519043,Pisces
1220,0.2953999999025133,Pisces
1270,0.30562222212473555,Pisces
1320,0.3140511627787213,Pisces
1370,0.3153069767322097,Pisces
1420,0.31656279068569804,Pisces
1470,0.31781860463918643,Pisces
1520,0.31907441859267477,Pisces
1570,0.3333882351437737,Pisces
1620,0.3485999998760223,Pisces
1670,0.360763888844649,Pisces
1720,0.3654027777335379,Pisces
1770,0.3700416666224268,Pisces
1820,0.3746805555113157,Pisces
1870,0.38003333327547717,Pisces
1920,0.38609999994214383,Pisces
1970,0.39731428560733806,Pisces
2020,0.40529090903542264,Pisces
2070,0.4110181817644293,Pisces
2120,0.4165111110607783,Pisces
2170,0.4217888888385561,Pisces
2220,0.42749999994277954,Pisces
2270,0.4310310344844029,Pisces
2320,0.43085862069129943,Pisces
2370,0.430686206898196,Pisces
2420,0.43208148145322445,Pisces
2470,0.4350444444161874,Pisces
2520,0.4380074073791504,Pisces
2570,0.4415142856795447,Pisces
2620,0.4444862068778071,Pisces
2670,0.4464517241191864,Pisces
2720,0.4484172413605657,Pisces
2770,0.45044166664679847,Pisces
2820,0.4511000000254313,Pisces
2870,0.4484333333587647,Pisces
2920,0.45251538456036494,Pisces
2970,0.45480909092036165,Pisces
3020,0.45660909084926954,Pisces
3070,0.4616692307479565,Pisces
3120,0.4638999999787257,Pisces
3170,0.46773333329677586,Pisces
3220,0.4710142856843131,Pisces
3270,0.47337272726145657,Pisces
3320,0.474090909094377,Pisces
3370,0.4739599999923706,Pisces
3420,0.47475999999237056,Pisces
3470,0.47523863636038516,Pisces
3520,0.47557954545129427,Pisces
3570,0.4759204545422034,Pisces
3620,0.47626136363311244,Pisces
3670,0.47792499995470045,Pisces
3720,0.4815384616015508,Pisces
3770,0.47492307698616615,Pisces
3820,0.4758799999728203,Pisces
3870,0.4787299999728203,Pisces
3920,0.4804839999858856,Pisces
3970,0.4819639999858856,Pisces
4020,0.48332499998966855,Pisces
4070,0.48447857141154155,Pisces
4120,0.4862642856972558,Pisces
4170,0.4865625000032357,Pisces
4220,0.48622321428895,Pisces
4270,0.4858839285746643,Pisces
4320,0.4855446428603785,Pisces
4370,0.4852053571460928,Pisces
4420,0.4850749999833107,Pisces
4470,0.4868249999833107,Pisces
4520,0.48945454542853617,Pisces
4570,0.49029090908744116,Pisces
4620,0.49190769228715164,Pisces
4670,0.4916666667032242,Pisces
4720,0.4890782608467599,Pisces
4770,0.491469565194586,Pisces
4820,0.4938608695424121,Pisces
4870,0.4940181818190488,Pisces
4920,0.49479999999046326,Pisces
4970,0.4955454545393857,Pisces
5020,0.4962909090831063,Pisces
5070,0.4978363636146892,Pisces
5120,0.49930909090648995,Pisces
5170,0.5002249999769529,Pisces
5220,0.5021812500208616,Pisces
5270,0.4999937500208616,Pisces
5320,0.4987846153868162,Pisces
5370,0.49814545456712894,Pisces
5420,0.49664545449343594,Pisces
5470,0.5020999999479814,Pisces
5520,0.49937272729873655,Pisces
5570,0.5048272726665843,Pisces
5620,0.5051545454658162,Pisces
5670,0.5050545454510775,Pisces
5720,0.5034600000276566,Pisces
5770,0.5027909090831063,Pisces
5820,0.5032454545445876,Pisces
5870,0.5040999999809265,Pisces
5920,0.5057999999952316,Pisces
5970,0.5062999999952316,Pisces
6020,0.5064818181800842,Pisces
6070,0.503718181847659,Pisces
6120,0.5090636362925443,Pisces
6170,0.5110454545489225,Pisces
6220,0.5085909090675007,Pisces
6270,0.5107272727342086,Pisces
6320,0.5100000000069358,Pisces
6370,0.5100909090900421,Pisces
6420,0.5090363636476344,Pisces
6470,0.5081454545532573,Pisces
6520,0.5089181818043101,Pisces
6570,0.5105909090735695,Pisces
6620,0.5133636363280902,Pisces
6670,0.5145666666913032,Pisces
6720,0.5128999999809265,Pisces
6770,0.5147,Pisces
6820,0.5147,Pisces
6870,0.5106615385165582,Pisces
6920,0.5110153845244187,Pisces
6970,0.519223076959023,Pisces
7020,0.5154538461897924,Pisces
7070,0.5145545454562794,Pisces
7120,0.5146909090883082,Pisces
7170,0.5161090908882835,Pisces
7220,0.5163363636528362,Pisces
7270,0.5154818181774833,Pisces
7320,0.517109090867476,Pisces
7370,0.5195090909611094,Pisces
7420,0.5151909090345556,Pisces
7470,0.5210999999436465,Pisces
7520,0.5201000000095367,Pisces
7570,0.5178727272952687,Pisces
7620,0.5204545454181324,Pisces
7670,0.521090909097845,Pisces
7720,0.5221090908882835,Pisces
7770,0.5220636363853108,Pisces
7820,0.5206111111132304,Pisces
7870,0.5216363636146892,Pisces
7920,0.5225636363740401,Pisces
7970,0.5207636363965815,Pisces
120,0.010025531913676161,Pisces
170,0.01028085106261233,Pisces
220,0.010536170211548502,Pisces
270,0.010791489360484671,Pisces
320,0.01104680850942084,Pisces
370,0.01396666663368543,Pisces
420,0.02674999982714653,Pisces
470,0.06299999982714653,Pisces
520,0.09049999986886978,Pisces
570,0.11799999986886978,Pisces
620,0.1454999998688698,Pisces
670,0.16412727270191366,Pisces
720,0.16944545452009546,Pisces
770,0.17679230761858133,Pisces
820,0.1922538460801198,Pisces
870,0.20920285706124986,Pisces
920,0.22631714277553558,Pisces
970,0.2434314284898213,Pisces
1020,0.2584454544888843,Pisces
1070,0.2703090908525207,Pisces
1120,0.2839384614397929,Pisces
1170,0.3046307691321006,Pisces
1220,0.3181749999392033,Pisces
1270,0.3238706896424294,Pisces
1320,0.32654310343553283,Pisces
1370,0.3292155172286363,Pisces
1420,0.3318879310217397,Pisces
1470,0.33456034481484315,Pisces
1520,0.3372327586079466,Pisces
1570,0.3519749999233087,Pisces
1620,0.36729999992847445,Pisces
1670,0.3756833333143923,Pisces
1720,0.37965555553661456,Pisces
1770,0.3836277777588368,Pisces
1820,0.387599999981059,Pisces
1870,0.39939999994373326,Pisces
1920,0.40970909086704255,Pisces
1970,0.4164545454372059,Pisces
2020,0.4212749999638399,Pisces
2070,0.428661904735111,Pisces
2120,0.43428095235415864,Pisces
2170,0.4398999999732063,Pisces
2220,0.4438166666479905,Pisces
2270,0.44591199999217984,Pisces
2320,0.44755199999217987,Pisces
2370,0.44985714283875056,Pisces
2420,0.45371428569589345,Pisces
2470,0.4553774193480707,Pisces
2520,0.4567967741867804,Pisces
2570,0.4582161290254901,Pisces
2620,0.4599079999916077,Pisces
2670,0.4616679999916077,Pisces
2720,0.46396153844466576,Pisces
2770,0.4674999999831273,Pisces
2820,0.46996153844980093,Pisces
2870,0.47284999998535426,Pisces
2920,0.47527272726839237,Pisces
2970,0.47580000000476835,Pisces
3020,0.47480000000476835,Pisces
3070,0.48059999997234343,Pisces
3120,0.48423076922380004,Pisces
3170,0.48568333332657815,Pisces
3220,0.48709999999324477,Pisces
3270,0.49000909089521927,Pisces
3320,0.493490909074003,Pisces
3370,0.4947333333301544,Pisces
3420,0.49539999999682105,Pisces
3470,0.49606666666348775,Pisces
3520,0.4967333333301544,Pisces
3570,0.4973999999968211,Pisces
3620,0.4915666666944822,Pisces
3670,0.492436363624226,Pisces
3720,0.4966416666432222,Pisces
3770,0.4991999999990463,Pisces
3820,0.49939999999904633,Pisces
3870,0.4995999999990463,Pisces
3920,0.4974000000104904,Pisces
3970,0.4952000000104904,Pisces
4020,0.4989499999821186,Pisces
4070,0.5017666666543484,Pisces
4120,0.502893103447536,Pisces
4170,0.503048275861329,Pisces
4220,0.5032034482751222,Pisces
4270,0.5033586206889152,Pisces
4320,0.5035137931027084,Pisces
4370,0.5036689655165015,Pisces
4420,0.502833333338499,Pisces
4470,0.5036545454445752,Pisces
4520,0.5050333333301544,Pisces
4570,0.5054571428578241,Pisces
4620,0.5053142857149668,Pisces
4670,0.504185714291618,Pisces
4720,0.5029476190535228,Pisces
4770,0.5046333333218098,Pisces
4820,0.5081636363432624,Pisces
4870,0.5105272727251053,Pisces
4920,0.5106909090922096,Pisces
4970,0.5109499999928474,Pisces
5020,0.5135545454415408,Pisces
5070,0.5122090909203616,Pisces
5120,0.5139181818017092,Pisces
5170,0.5167769230651855,Pisces
5220,0.5182230769274785,Pisces
5270,0.5173000000044016,Pisces
5320,0.5141333333484331,Pisces
5370,0.5150499999907613,Pisces
5420,0.51670909090649,Pisces
5470,0.5177999999713898,Pisces
5520,0.5237999999713898,Pisces
5570,0.5185272727524151,Pisces
5620,0.5189999999947018,Pisces
5670,0.5184818181792172,Pisces
5720,0.5216999999761581,Pisces
5770,0.5218818182039261,Pisces
5820,0.5203727272575551,Pisces
5870,0.5224363636389645,Pisces
5920,0.5222363636307283,Pisces
5970,0.5233727272692593,Pisces
6020,0.5240999999965321,Pisces
6070,0.5248272727238048,Pisces
6120,0.523018181828152,Pisces
6170,0.5246363636242259,Pisces
6220,0.5262166666611036,Pisces
6270,0.524345454568863,Pisces
6320,0.5234727272480184,Pisces
6370,0.5269090909121253,Pisces
6420,0.5272363636164231,Pisces
6470,0.5310818181779168,Pisces
6520,0.5318999999960986,Pisces
6570,0.5305363636428659,Pisces
6620,0.5292750000059605,Pisces
6670,0.5279454545519568,Pisces
6720,0.5290363636233589,Pisces
6770,0.5296272727346419,Pisces
6820,0.5302999999809265,Pisces
6870,0.5320636363801089,Pisces
6920,0.5298272727147015,Pisces
6970,0.5321636363653703,Pisces
7020,0.531800000001734,Pisces
7070,0.5334363636285608,Pisces
7120,0.5312750000123183,Pisces
7170,0.5320166666563352,Pisces
7220,0.5320166666769981,Pisces
7270,0.5314545454393733,Pisces
7320,0.5337090909160267,Pisces
7370,0.5323454545480555,Pisces
7420,0.531800000002601,Pisces
7470,0.5330727272666584,Pisces
7520,0.533445454544154,Pisces
7570,0.5353181818073446,Pisces
7620,0.5351727272783626,Pisces
7670,0.5344818181835521,Pisces
7720,0.5351636363554001,Pisces
7770,0.5376909090731361,Pisces
7820,0.5403272727268392,Pisces
7870,0.54018181818702,Pisces
7920,0.5394181818077781,Pisces
7970,0.5415999999895963,Pisces
120,0.010346808508406294,Pisces
170,0.010814893614789272,Pisces
220,0.011282978721172253,Pisces
270,0.011751063827555232,Pisces
320,0.01221914893393821,Pisces
370,0.015433333298365276,Pisces
420,0.02701666653037071,Pisces
470,0.05559999986370404,Pisces
520,0.08301666653593381,Pisces
570,0.11043333320260047,Pisces
620,0.13784999986926713,Pisces
670,0.15926363630446522,Pisces
720,0.17167272721355611,Pisces
770,0.18367692302740538,Pisces
820,0.19406153841202076,Pisces
870,0.2098599999217987,Pisces
920,0.2262599999217987,Pisces
970,0.2426599999217987,Pisces
1020,0.2563727272265608,Pisces
1070,0.2660545454083789,Pisces
1120,0.27744615375922277,Pisces
1170,0.295676922989992,Pisces
1220,0.3041999999645021,Pisces
1270,0.31164444440894656,Pisces
1320,0.318148837196217,Pisces
1370,0.32089302324272867,Pisces
1420,0.3236372092892403,Pisces
1470,0.32638139533575194,Pisces
1520,0.32912558138226355,Pisces
1570,0.3440999999221166,Pisces
1620,0.3564199999494552,Pisces
1670,0.36573749998003247,Pisces
1720,0.3699249999800325,Pisces
1770,0.3741124999800325,Pisces
1820,0.3782999999800325,Pisces
1870,0.3815499999845028,Pisces
1920,0.38694285711458754,Pisces
1970,0.3944999999523163,Pisces
2020,0.4043545454103297,Pisces
2070,0.41317499997735024,Pisces
2120,0.4179249999773502,Pisces
2170,0.4226461538237792,Pisces
2220,0.42644666666555403,Pisces
2270,0.4266799999988874,Pisces
2320,0.4269133333322207,Pisces
2370,0.4281857142598288,Pisces
2420,0.43361428568840027,Pisces
2470,0.4355615384564033,Pisces
2520,0.43663846153332636,Pisces
2570,0.43783333332538604,Pisces
2620,0.4394999999920527,Pisces
2670,0.4411666666587194,Pisces
2720,0.4429333333230019,Pisces
2770,0.44509999998966854,Pisces
2820,0.4499461538230456,Pisces
2870,0.44731666669448217,Pisces
2920,0.4487636363220215,Pisces
2970,0.45507692306408515,Pisces
3020,0.45799166664322216,Pisces
3070,0.46290833330988884,Pisces
3120,0.46323125000089405,Pisces
3170,0.4647999999729792,Pisces
3220,0.4695181818363883,Pisces
3270,0.4657000000182065,Pisces
3320,0.4662454545428536,Pisces
3370,0.46713076922636765,Pisces
3420,0.4684260869491619,Pisces
3470,0.46996956521003147,Pisces
3520,0.471513043470901,Pisces
3570,0.4730565217317706,Pisces
3620,0.47459999999264013,Pisces
3670,0.4748499999988079,Pisces
3720,0.47403333333849906,Pisces
3770,0.472973913048454,Pisces
3820,0.4719304347875844,Pisces
3870,0.4498739133824473,Pisces
3920,0.3787869568607081,Pisces
3970,0.307700000338969,Pisces
4020,0.4439499993503094,Pisces
4070,0.47519999997615814,Pisces
4120,0.47727241379252794,Pisces
4170,0.47739310344770036,Pisces
4220,0.4775137931028728,Pisces
4270,0.4776344827580452,Pisces
4320,0.47775517241321763,Pisces
4370,0.47787586206839,Pisces
4420,0.48123333331346513,Pisces
4470,0.48475454543980684,Pisces
4520,0.483936363658905,Pisces
4570,0.48168181817488237,Pisces
4620,0.4831636363562671,Pisces
4670,0.48410000000715253,Pisces
4720,0.4826000000071526,Pisces
4770,0.48636666664242745,Pisces
4820,0.4887999999968211,Pisces
4870,0.48847272728139707,Pisces
4920,0.48722727272683924,Pisces
4970,0.4886999999666214,Pisces
5020,0.49463636365370317,Pisces
5070,0.4910000000173395,Pisces
5120,0.4908333333341281,Pisces
5170,0.4935636363471638,Pisces
5220,0.4952999999952316,Pisces
5270,0.4956333333349228,Pisces
5320,0.4961749999876817,Pisces
5370,0.49840833333770435,Pisces
5420,0.49749166667103767,Pisces
5470,0.49674545454892244,Pisces
5520,0.4999454545255141,Pisces
5570,0.4989727272878993,Pisces
5620,0.49939090907747097,Pisces
5670,0.5013909090852737,Pisces
5720,0.5019181818203493,Pisces
5770,0.5016818181805177,Pisces
5820,0.5015833333408832,Pisces
5870,0.50000000000755,Pisces
5920,0.5005833333305518,Pisces
5970,0.5034636363471637,Pisces
6020,0.5051999999952317,Pisces
6070,0.5066909090822393,Pisces
6120,0.5064181818294525,Pisces
6170,0.5054727272670919,Pisces
6220,0.5058636363705722,Pisces
6270,0.5054090908921849,Pisces
6320,0.5084000000095368,Pisces
6370,0.5064000000095367,Pisces
6420,0.5104909090714022,Pisces
6470,0.5064000000238418,Pisces
6520,0.5112181817835028,Pisces
6570,0.5116818181935224,Pisces
6620,0.5113545454493437,Pisces
6670,0.5126272727203369,Pisces
6720,0.5123363636502353,Pisces
6770,0.5111727272588557,Pisces
6820,0.5134166666686535,Pisces
6870,0.5130000000019869,Pisces
6920,0.5110000000095368,Pisces
6970,0.5131727272601562,Pisces
7020,0.5106454545636611,Pisces
7070,0.5109583333233992,Pisces
7120,0.5123181818151474,Pisces
7170,0.513172727267092,Pisces
7220,0.5146272727173025,Pisces
7270,0.5158818181917884,Pisces
7320,0.5137818181922219,Pisces
7370,0.5116000000104037,Pisces
7420,0.5130999999928474,Pisces
7470,0.5141333333289623,Pisces
7520,0.5151999999944369,Pisces
7570,0.5161181818155809,Pisces
7620,0.5153000000190735,Pisces
7670,0.5119333333222071,Pisces
7720,0.5142666666555404,Pisces
7770,0.5162181818090785,Pisces
7820,0.5173272727229378,Pisces
7870,0.5174090909103913,Pisces
7920,0.5170692307710648,Pisces
7970,0.5175499999880792,Pisces
120,0.010008510636268779,Pisces
170,0.010093617019247502,Pisces
220,0.010178723402226225,Pisces
270,0.010263829785204948,Pisces
320,0.010348936168183671,Pisces
370,0.011266666615009307,Pisces
420,0.020216665806372963,Pisces
470,0.0562999991397063,Pisces
520,0.0851888882001241,Pisces
570,0.114077777089013,Pisces
620,0.14296666597790186,Pisces
670,0.16557272695844824,Pisces
720,0.17875454514026642,Pisces
770,0.19094615364991702,Pisces
820,0.19917692288068625,Pisces
870,0.21254857109614783,Pisces
920,0.22649142823900498,Pisces
970,0.24043428538186212,Pisces
1020,0.2530181815667586,Pisces
1070,0.2635636361122132,Pisces
1120,0.2755538457301947,Pisces
1170,0.2933230764994254,Pisces
1220,0.3035999997748269,Pisces
1270,0.31304444421927136,Pisces
1320,0.3213162789843803,Pisces
1370,0.32489767433321753,Pisces
1420,0.32847906968205476,Pisces
1470,0.332060465030892,Pisces
1520,0.3356418603797292,Pisces
1570,0.35159999958674115,Pisces
1620,0.3623999998092651,Pisces
1670,0.37004374985173344,Pisces
1720,0.37626249985173343,Pisces
1770,0.38248124985173343,Pisces
1820,0.3886999998517334,Pisces
1870,0.3964999998140335,Pisces
1920,0.40236153836800503,Pisces
1970,0.4080999996900559,Pisces
2020,0.4212090905731375,Pisces
2070,0.4352999996640466,Pisces
2120,0.4372999999523163,Pisces
2170,0.4404499998152256,Pisces
2220,0.44819999981522557,Pisces
2270,0.4493724137651509,Pisces
2320,0.45054482755825437,Pisces
2370,0.4517124999731779,Pisces
2420,0.4528374999731779,Pisces
2470,0.4544799999485016,Pisces
2520,0.4566399999485016,Pisces
2570,0.45879999994850157,Pisces
2620,0.4594896551559711,Pisces
2670,0.46017931032838494,Pisces
2720,0.4612249998986721,Pisces
2770,0.4654749998986721,Pisces
2820,0.4700249998907248,Pisces
2870,0.47296153840835276,Pisces
2920,0.47466363634196196,Pisces
2970,0.4750272727489471,Pisces
3020,0.4746230768845632,Pisces
3070,0.47623846149994775,Pisces
3120,0.4790999999284744,Pisces
3170,0.48109999996821085,Pisces
3220,0.4817545454632152,Pisces
3270,0.48370909073352814,Pisces
3320,0.48944583335171143,Pisces
3370,0.4886750000183781,Pisces
3420,0.48790416668504477,Pisces
3470,0.48713333335171144,Pisces
3520,0.4863625000183781,Pisces
3570,0.48629999997615814,Pisces
3620,0.48729999997615814,Pisces
3670,0.49092499990661936,Pisces
3720,0.4928538461281703,Pisces
3770,0.49315333335399625,Pisces
3820,0.4922866666873296,Pisces
3870,0.49142000002066294,Pisces
3920,0.4917799999475479,Pisces
3970,0.4939799999475479,Pisces
4020,0.4946909090779045,Pisces
4070,0.4946857142891203,Pisces
4120,0.4949071428388357,Pisces
4170,0.49567499998169284,Pisces
4220,0.49644285712455,Pisces
4270,0.49721071426740715,Pisces
4320,0.4979785714102643,Pisces
4370,0.49874642855312146,Pisces
4420,0.4998333333055178,Pisces
4470,0.5026454544522546,Pisces
4520,0.5029181818983772,Pisces
4570,0.5026538460493089,Pisces
4620,0.5063583333909512,Pisces
4670,0.5039416667242845,Pisces
4720,0.5050499999642372,Pisces
4770,0.5057545454458757,Pisces
4820,0.5068272726904263,Pisces
4870,0.5076454545432871,Pisces
4920,0.5080636363419619,Pisces
4970,0.5078818182468414,Pisces
5020,0.5059545454242013,Pisces
5070,0.507424999922514,Pisces
5120,0.510674999922514,Pisces
5170,0.5117499999801318,Pisces
5220,0.512323076912073,Pisces
5270,0.5126,Pisces
5320,0.5126,Pisces
5370,0.5132999999761582,Pisces
5420,0.5145181817813353,Pisces
5470,0.5154636363744736,Pisces
5520,0.5163799998474121,Pisces
5570,0.5174090909394351,Pisces
5620,0.5169545454523781,Pisces
5670,0.5187272726449099,Pisces
5720,0.5191636364611713,Pisces
5770,0.5157818182229995,Pisces
5820,0.5147999999523163,Pisces
5870,0.5165727272792295,Pisces
5920,0.5163000000065023,Pisces
5970,0.5211181817033074,Pisces
6020,0.5193090909697793,Pisces
6070,0.5234545453158292,Pisces
6120,0.5245000000238419,Pisces
6170,0.5223545455239036,Pisces
6220,0.5228999999046325,Pisces
6270,0.5246454545844684,Pisces
6320,0.5239363636016845,Pisces
6370,0.5250454545519568,Pisces
6420,0.5249916666209699,Pisces
6470,0.5269083332876364,Pisces
6520,0.527549999988079,Pisces
6570,0.5271272727467797,Pisces
6620,0.5264000000158946,Pisces
6670,0.5260923076868057,Pisces
6720,0.525975000077486,Pisces
6770,0.522725000077486,Pisces
6820,0.5281749998470148,Pisces
6870,0.5284666667222977,Pisces
6920,0.5284818181254647,Pisces
6970,0.5296818181948229,Pisces
7020,0.5067454563379288,Pisces
7070,0.4590909076018767,Pisces
7120,0.5162818179477344,Pisces
7170,0.5260999997659164,Pisces
7220,0.5270090908874165,Pisces
7270,0.5244000000715257,Pisces
7320,0.5258363635756752,Pisces
7370,0.5283818181211298,Pisces
7420,0.5288000000238419,Pisces
7470,0.5320545453656804,Pisces
7520,0.5290909092014486,Pisces
7570,0.5273818181926554,Pisces
7620,0.5282909090475603,Pisces
7670,0.5280636364178224,Pisces
7720,0.5281545453678478,Pisces
7770,0.530890909075737,Pisces
7820,0.5317090908722444,Pisces
7870,0.5327727273507552,Pisces
7920,0.5295000000780279,Pisces
7970,0.5325909090172161,Pisces
120,0.010046808497246276,Pisces
170,0.010514893603629255,Pisces
220,0.010982978710012234,Pisces
270,0.011451063816395213,Pisces
320,0.011919148922778192,Pisces
370,0.013584615285579976,Pisces
420,0.020113332356770833,Pisces
470,0.05424666569010417,Pisces
520,0.0874937490656972,Pisces
570,0.12014999906569719,Pisces
620,0.15280624906569718,Pisces
670,0.17613913016733915,Pisces
720,0.18548695625429568,Pisces
770,0.195933332751592,Pisces
820,0.2162666660849253,Pisces
870,0.2312812496718764,Pisces
920,0.2427499996718764,Pisces
970,0.2542187496718764,Pisces
1020,0.26492608668285866,Pisces
1070,0.274491304074163,Pisces
1120,0.28493999947357174,Pisces
1170,0.3033399994735717,Pisces
1220,0.31785384581272413,Pisces
1270,0.32668947363753065,Pisces
1320,0.3283210525848991,Pisces
1370,0.3299526315322675,Pisces
1420,0.33158421047963593,Pisces
1470,0.33321578942700436,Pisces
1520,0.3348473683743728,Pisces
1570,0.34500769185433017,Pisces
1620,0.36043636322281575,Pisces
1670,0.37261111102369093,Pisces
1720,0.3756666665792465,Pisces
1770,0.37872222213480206,Pisces
1820,0.38177777769035764,Pisces
1870,0.38907999971008295,Pisces
1920,0.3988214283936364,Pisces
1970,0.4050357141079221,Pisces
2020,0.4098272726076299,Pisces
2070,0.41580909070361743,Pisces
2120,0.4215388887665007,Pisces
2170,0.42581666654427847,Pisces
2220,0.43176666647593176,Pisces
2270,0.43584137926792277,Pisces
2320,0.4373241378886124,Pisces
2370,0.4388068965093021,Pisces
2420,0.44059999994277954,Pisces
2470,0.442681481412605,Pisces
2520,0.4450888888200124,Pisces
2570,0.4474962962274198,Pisces
2620,0.44876896551329515,Pisces
2670,0.4489068965477779,Pisces
2720,0.44904482758226066,Pisces
2770,0.45339999979496004,Pisces
2820,0.45816153842852664,Pisces
2870,0.45934999995708464,Pisces
2920,0.4608499999570847,Pisces
2970,0.46124545453765176,Pisces
3020,0.464271428465162,Pisces
3070,0.46610000002861024,Pisces
3120,0.46658749981582165,Pisces
3170,0.4730249998158217,Pisces
3220,0.4761454545194453,Pisces
3270,0.47905454531409525,Pisces
3320,0.479733333495458,Pisces
3370,0.47902499998480086,Pisces
3420,0.47955624998480084,Pisces
3470,0.4800874999848008,Pisces
3520,0.4806187499848008,Pisces
3570,0.4811499999848008,Pisces
3620,0.4816812499848008,Pisces
3670,0.4831999999141693,Pisces
3720,0.48590909083366396,Pisces
3770,0.4861272727506811,Pisces
3820,0.4858,Pisces
3870,0.4864187499409914,Pisces
3920,0.48848124994099135,Pisces
3970,0.4890461538483546,Pisces
4020,0.4908999998641014,Pisces
4070,0.4948599999771118,Pisces
4120,0.4956599999771118,Pisces
4170,0.4964599999771118,Pisces
4220,0.4972599999771118,Pisces
4270,0.4980599999771118,Pisces
4320,0.4983839999965668,Pisces
4370,0.49850399999656675,Pisces
4420,0.4982666667143504,Pisces
4470,0.49660000004768373,Pisces
4520,0.4962363636467674,Pisces
4570,0.495872727283131,Pisces
4620,0.49550909091949463,Pisces
4670,0.4985818180517716,Pisces
4720,0.49930000005245206,Pisces
4770,0.49926666659037267,Pisces
4820,0.5016181817869706,Pisces
4870,0.5026454545324499,Pisces
4920,0.5030999999869953,Pisces
4970,0.5004636364390633,Pisces
5020,0.5039636362439935,Pisces
5070,0.5065454544830322,Pisces
5120,0.5055454546130788,Pisces
5170,0.5048499999880791,Pisces
5220,0.5060999999284743,Pisces
5270,0.5085999999284744,Pisces
5320,0.5080333333714803,Pisces
5370,0.5068500000309945,Pisces
5420,0.5061636363662373,Pisces
5470,0.5061545454493436,Pisces
5520,0.5072454544102061,Pisces
5570,0.5113181818702004,Pisces
5620,0.5095000000520186,Pisces
5670,0.5102272727064653,Pisces
5720,0.511463636337627,Pisces
5770,0.5119090909272974,Pisces
5820,0.5116181817869706,Pisces
5870,0.5127181817843697,Pisces
5920,0.513899999966188,Pisces
5970,0.5153545454129305,Pisces
6020,0.5163999999713897,Pisces
6070,0.5168909090805054,Pisces
6120,0.5195454544414173,Pisces
6170,0.5189818182780527,Pisces
6220,0.5177090908856825,Pisces
6270,0.5177636363948476,Pisces
6320,0.5175181817687642,Pisces
6370,0.5188272727376765,Pisces
6420,0.5184545454675501,Pisces
6470,0.5180000000130047,Pisces
6520,0.5199999999427795,Pisces
6570,0.5214272726882588,Pisces
6620,0.5209727272987367,Pisces
6670,0.5214636363324252,Pisces
6720,0.5222818181636116,Pisces
6770,0.5232249999642372,Pisces
6820,0.5233909091585333,Pisces
6870,0.5215799999885559,Pisces
6920,0.5219799999885559,Pisces
6970,0.5220789474000429,Pisces
7020,0.5209736842421482,Pisces
7070,0.5205599999656677,Pisces
7120,0.5217599999656677,Pisces
7170,0.5209538461912595,Pisces
7220,0.5218454544570229,Pisces
7270,0.5234000000214577,Pisces
7320,0.5233636362830076,Pisces
7370,0.5256181818988106,Pisces
7420,0.5228000000806288,Pisces
7470,0.5251333332665762,Pisces
7520,0.5268363635921478,Pisces
7570,0.5267909091117164,Pisces
7620,0.5265545454519445,Pisces
7670,0.5265545454571463,Pisces
7720,0.5276272726466439,Pisces
7770,0.5294500000143051,Pisces
7820,0.5290818181584098,Pisces
7870,0.5298999999765917,Pisces
7920,0.5276272727922959,Pisces
7970,0.528036363623359,Pisces
120.0,0.01091666665871938,Polaris
170.0,0.02967499980211257,Polaris
220.0,0.09580833251714702,Polaris
270.0,0.11569090952786536,Polaris
320.0,0.07085454586809337,Polaris
370.0,0.0925909074349835,Polaris
420.0,0.2358454543382471,Polaris
470.0,0.25860909060304815,Polaris
520.0,0.29069999969395727,Polaris
570.0,0.2921374999862909,Polaris
620.0,0.3011428569487163,Polaris
670.0,0.3214999998058592,Polaris
720.0,0.323863636341095,Polaris
770.0,0.3513769227878864,Polaris
820.0,0.36213636365803803,Polaris
870.0,0.3660454544492201,Polaris
920.0,0.3769727271565524,Polaris
970.0,0.38923636351758784,Polaris
1020.0,0.40063636356787247,Polaris
1070.0,0.4071909090822393,Polaris
1120.0,0.40809999999133023,Polaris
1170.0,0.4157363635635376,Polaris
1220.0,0.4212454544951699,Polaris
1270.0,0.42673636358347805,Polaris
1320.0,0.4320909090406244,Polaris
1370.0,0.43529090907356954,Polaris
1420.0,0.43929090903195467,Polaris
1470.0,0.44387272725191984,Polaris
1520.0,0.4458090908960863,Polaris
1570.0,0.4480636363081499,Polaris
1620.0,0.4532727272753282,Polaris
1670.0,0.45300000000260093,Polaris
1720.0,0.4575454545021057,Polaris
1770.0,0.4589818181714145,Polaris
1820.0,0.46050909089348535,Polaris
1870.0,0.4594090909307653,Polaris
1920.0,0.46329999992370613,Polaris
1970.0,0.4661636363853108,Polaris
2020.0,0.4671636363072829,Polaris
2070.0,0.4716818181696805,Polaris
2120.0,0.47246363637490707,Polaris
2170.0,0.47115000002384183,Polaris
2220.0,0.4727545454224673,Polaris
2270.0,0.4734454545558583,Polaris
2320.0,0.47544545449690384,Polaris
2370.0,0.4800272726908597,Polaris
2420.0,0.48351818179217254,Polaris
2470.0,0.4822500001645088,Polaris
2520.0,0.48047272725278684,Polaris
2570.0,0.4834333333015442,Polaris
2620.0,0.4833454545376517,Polaris
2670.0,0.4849636363176866,Polaris
2720.0,0.4894999999809265,Polaris
2770.0,0.490927272716002,Polaris
2820.0,0.4873636364277926,Polaris
2870.0,0.4869090908536044,Polaris
2920.0,0.4908363636259599,Polaris
2970.0,0.491927272716869,Polaris
3020.0,0.49303636362509295,Polaris
3070.0,0.4939727272848649,Polaris
3120.0,0.4927000000121377,Polaris
3170.0,0.4979727272224426,Polaris
3220.0,0.49997272725712166,Polaris
3270.0,0.499063636378375,Polaris
3320.0,0.4986,Polaris
3370.0,0.49919090907963837,Polaris
3420.0,0.5014333332967759,Polaris
3470.0,0.5034090909611094,Polaris
3520.0,0.4989272726865248,Polaris
3570.0,0.5031999999592521,Polaris
3620.0,0.5030181818199158,Polaris
3670.0,0.5008250000230471,Polaris
3720.0,0.502899999961853,Polaris
3770.0,0.5040636363705722,Polaris
3820.0,0.5042454545350509,Polaris
3870.0,0.5051545454484766,Polaris
3920.0,0.5065272726977955,Polaris
3970.0,0.507950000050068,Polaris
4020.0,0.502700000050068,Polaris
4070.0,0.5084272726726532,Polaris
4120.0,0.5079500000111262,Polaris
4170.0,0.5071545454606143,Polaris
4220.0,0.5087499999705951,Polaris
4270.0,0.509545454570597,Polaris
4320.0,0.5083272727073322,Polaris
4370.0,0.5093272727593509,Polaris
4420.0,0.506827272676988,Polaris
4470.0,0.5120999999497153,Polaris
4520.0,0.5134333333206177,Polaris
4570.0,0.5123000000166894,Polaris
4620.0,0.5092923077289875,Polaris
4670.0,0.5077181817826358,Polaris
4720.0,0.510466666677793,Polaris
4770.0,0.5093000000111262,Polaris
4820.0,0.5106636363506317,Polaris
4870.0,0.5121090908952193,Polaris
4920.0,0.5110181818346543,Polaris
4970.0,0.5128545454224673,Polaris
5020.0,0.5138000000063578,Polaris
5070.0,0.514999999961853,Polaris
5120.0,0.516600000038147,Polaris
5170.0,0.5137166666515668,Polaris
5220.0,0.5152999999849002,Polaris
5270.0,0.5159363636302948,Polaris
5320.0,0.5188636363332921,Polaris
5370.0,0.518990909096978,Polaris
5420.0,0.5164454545775327,Polaris
5470.0,0.5165727272493189,Polaris
5520.0,0.5198454545064406,Polaris
5570.0,0.5218272727385435,Polaris
5620.0,0.5214999999841055,Polaris
5670.0,0.5231071428469249,Polaris
5720.0,0.5241785714183534,Polaris
5770.0,0.5218166667032241,Polaris
5820.0,0.5199,Polaris
5870.0,0.5219999999499321,Polaris
5920.0,0.5255454545766657,Polaris
5970.0,0.5226636363575675,Polaris
6020.0,0.5232999999939312,Polaris
6070.0,0.5215500000166893,Polaris
6120.0,0.5216666666611036,Polaris
6170.0,0.5217363636389646,Polaris
6220.0,0.522963636337627,Polaris
6270.0,0.5238363636545701,Polaris
6320.0,0.5232499999761581,Polaris
6370.0,0.5257499999761581,Polaris
6420.0,0.5256727272761952,Polaris
6470.0,0.5230545454848896,Polaris
6520.0,0.5243909090596979,Polaris
6570.0,0.5260818181757493,Polaris
6620.0,0.5268583333245913,Polaris
6670.0,0.5275818181792172,Polaris
6720.0,0.5276833333388965,Polaris
6770.0,0.5271000000055631,Polaris
6820.0,0.526683333337307,Polaris
6870.0,0.5291999999690056,Polaris
6920.0,0.5284600000324249,Polaris
6970.0,0.5251333333587647,Polaris
7020.0,0.522466666692098,Polaris
7070.0,0.5215714285687038,Polaris
7120.0,0.5224769230446449,Polaris
7170.0,0.5258615384292603,Polaris
7220.0,0.524972727285732,Polaris
7270.0,0.5258999999856949,Polaris
7320.0,0.5265,Polaris
7370.0,0.528499999961853,Polaris
7420.0,0.530475000026226,Polaris
7470.0,0.5281461538322155,Polaris
7520.0,0.529607692293754,Polaris
7570.0,0.5259000000476837,Polaris
7620.0,0.5300636362864755,Polaris
7670.0,0.5319363636580381,Polaris
7720.0,0.5317090908917514,Polaris
7770.0,0.5320000000190735,Polaris
7820.0,0.531254545433738,Polaris
7870.0,0.5327272727402774,Polaris
120,0.010366666663487753,Polaris
170,0.03979999968846638,Polaris
220,0.10763636284568087,Polaris
270,0.10474545511852618,Polaris
320,0.1301999989414214,Polaris
370,0.1422545467550106,Polaris
420,0.10088181646260327,Polaris
470,0.24924545434778386,Polaris
520,0.2709181815303456,Polaris
570,0.3010999997121637,Polaris
620,0.3183727271080017,Polaris
670,0.31036363646680654,Polaris
720,0.33263636334505947,Polaris
770,0.342627272716002,Polaris
820,0.3593545451961864,Polaris
870,0.37562727267525414,Polaris
920,0.3851909089409221,Polaris
970,0.3943727273308147,Polaris
1020,0.39231818168380045,Polaris
1070,0.40545454541119663,Polaris
1120,0.40999999995665115,Polaris
1170,0.41945454536437987,Polaris
1220,0.42080909090475604,Polaris
1270,0.4243181817774339,Polaris
1320,0.42820909087354486,Polaris
1370,0.43861428557259696,Polaris
1420,0.4401818181809512,Polaris
1470,0.444127272680456,Polaris
1520,0.44827272723631423,Polaris
1570,0.45241818177656695,Polaris
1620,0.45469090908917514,Polaris
1670,0.45701818176529624,Polaris
1720,0.460790909094377,Polaris
1770,0.46072222221162584,Polaris
1820,0.460300000038147,Polaris
1870,0.46749999990463265,Polaris
1920,0.4674454545870694,Polaris
1970,0.46684545452724807,Polaris
2020,0.46889090907010167,Polaris
2070,0.4717636363263564,Polaris
2120,0.4746363636320287,Polaris
2170,0.47456363638444377,Polaris
2220,0.47298888885180157,Polaris
2270,0.4769727272311124,Polaris
2320,0.4808454545506564,Polaris
2370,0.48030000000520184,Polaris
2420,0.48479999995708467,Polaris
2470,0.4822818182225661,Polaris
2520,0.48615454538432035,Polaris
2570,0.4856636364182559,Polaris
2620,0.4868909090128812,Polaris
2670,0.48994545458967037,Polaris
2720,0.488449999944369,Polaris
2770,0.4937083333325386,Polaris
2820,0.49379166666587193,Polaris
2870,0.4917000000222524,Polaris
2920,0.49420833328962327,Polaris
2970,0.49637500000238416,Polaris
3020,0.4963249999960263,Polaris
3070,0.49699999997138977,Polaris
3120,0.4999999999713897,Polaris
3170,0.49899090910478067,Polaris
3220,0.5010272726995295,Polaris
3270,0.4999555555820465,Polaris
3320,0.5001999999904633,Polaris
3370,0.49986363637230613,Polaris
3420,0.5005363636198911,Polaris
3470,0.5020818181688135,Polaris
3520,0.5023545454675501,Polaris
3570,0.5018499999856948,Polaris
3620,0.503324999988079,Polaris
3670,0.5045749999880791,Polaris
3720,0.5062749999833107,Polaris
3770,0.5066833333349229,Polaris
3820,0.5067249999976159,Polaris
3870,0.5067250000055631,Polaris
3920,0.5061181818259846,Polaris
3970,0.5053000000078027,Polaris
4020,0.5060272727203369,Polaris
4070,0.5086499999729792,Polaris
4120,0.5063818182243001,Polaris
4170,0.5061499999753635,Polaris
4220,0.5087333333086967,Polaris
4270,0.510909090903889,Polaris
4320,0.5113000000095367,Polaris
4370,0.5103000000095367,Polaris
4420,0.5116727272571217,Polaris
4470,0.5104000000190735,Polaris
4520,0.5111363636181572,Polaris
4570,0.5136999999713897,Polaris
4620,0.5145000000238418,Polaris
4670,0.512857142840113,Polaris
4720,0.5146428571258272,Polaris
4770,0.5185999999570846,Polaris
4820,0.5181500000357628,Polaris
4870,0.5168411764481489,Polaris
4920,0.5191941176246194,Polaris
4970,0.5180333333587647,Polaris
5020,0.5158666666825613,Polaris
5070,0.5144750000071526,Polaris
5120,0.5141249999690056,Polaris
5170,0.5173749999690056,Polaris
5220,0.515750000020663,Polaris
5270,0.5163444444274903,Polaris
5320,0.518122222205268,Polaris
5370,0.5150272727619518,Polaris
5420,0.5164999999737739,Polaris
5470,0.516861538473276,Polaris
5520,0.5172562499600649,Polaris
5570,0.5214437499600649,Polaris
5620,0.5191416667151451,Polaris
5670,0.5173499999856949,Polaris
5720,0.5174000000317891,Polaris
5770,0.5149749999451637,Polaris
5820,0.5207249999451637,Polaris
5870,0.5197250000166893,Polaris
5920,0.5212416666388512,Polaris
5970,0.5232227272627571,Polaris
6020,0.5242681818082117,Polaris
6070,0.5248285714340211,Polaris
6120,0.5242571428625924,Polaris
6170,0.5231615384725424,Polaris
6220,0.521400000020663,Polaris
6270,0.5225727272137729,Polaris
6320,0.5265000000127157,Polaris
6370,0.5252307692373716,Polaris
6420,0.5245384615450639,Polaris
6470,0.5278461538050725,Polaris
6520,0.5281666667016347,Polaris
6570,0.5258999999904632,Polaris
6620,0.5270333333110809,Polaris
6670,0.5293666666444142,Polaris
6720,0.5264090909429029,Polaris
6770,0.5280272726995295,Polaris
6820,0.5298545454415408,Polaris
6870,0.5288727272970026,Polaris
6920,0.5292666666348775,Polaris
6970,0.5306181818493929,Polaris
7020,0.5278181818268516,Polaris
7070,0.5269666666698456,Polaris
7120,0.5266333333365122,Polaris
7170,0.5301249999626477,Polaris
7220,0.530472727283998,Polaris
7270,0.5292909091021798,Polaris
7320,0.5296062499827145,Polaris
7370,0.5314187499827147,Polaris
7420,0.5296071428782599,Polaris
7470,0.5302647058486938,Polaris
7520,0.5337941176133997,Polaris
7570,0.5303857143347603,Polaris
7620,0.5273479999988556,Polaris
7670,0.5274679999988555,Polaris
7720,0.5275879999988555,Polaris
7770,0.5314999999586741,Polaris
7820,0.5313416666865349,Polaris
7870,0.5306333333269755,Polaris
7920,0.5326562499505282,Polaris
7970,0.5378437499505282,Polaris
120.0,0.011916666697661081,Polaris
170.0,0.031564285398551405,Polaris
220.0,0.07298461451530458,Polaris
270.0,0.12633846119954037,Polaris
320.0,0.15003076889184805,Polaris
370.0,0.0774545466457713,Polaris
420.0,0.19621817939671624,Polaris
470.0,0.21537272791905832,Polaris
520.0,0.24639090792049065,Polaris
570.0,0.29534545431527226,Polaris
620.0,0.30154545466899874,Polaris
670.0,0.30782727213946254,Polaris
720.0,0.3399363636909832,Polaris
770.0,0.33922727233713323,Polaris
820.0,0.3664999996098605,Polaris
870.0,0.367227272716869,Polaris
920.0,0.3792454543555867,Polaris
970.0,0.38429999995708464,Polaris
1020.0,0.3924545453062925,Polaris
1070.0,0.402327272590724,Polaris
1120.0,0.4071909090883082,Polaris
1170.0,0.4105363635206223,Polaris
1220.0,0.4151363636870818,Polaris
1270.0,0.4148090907296268,Polaris
1320.0,0.42626363634022796,Polaris
1370.0,0.4278999999765916,Polaris
1420.0,0.42499090913252396,Polaris
1470.0,0.4312454544414174,Polaris
1520.0,0.4327,Polaris
1570.0,0.43721818172584886,Polaris
1620.0,0.4396200000042915,Polaris
1670.0,0.4406999999713898,Polaris
1720.0,0.44193636362335903,Polaris
1770.0,0.4441749999552965,Polaris
1820.0,0.44624545447652986,Polaris
1870.0,0.45039090907010165,Polaris
1920.0,0.4520363635882464,Polaris
1970.0,0.4553999999518828,Polaris
2020.0,0.46039999992847436,Polaris
2070.0,0.4625363636103543,Polaris
2120.0,0.4636999999856949,Polaris
2170.0,0.46597272723241284,Polaris
2220.0,0.4657909091221203,Polaris
2270.0,0.4654272727064653,Polaris
2320.0,0.4675799999542236,Polaris
2370.0,0.4670363636311618,Polaris
2420.0,0.46739999999479814,Polaris
2470.0,0.472490909018083,Polaris
2520.0,0.4725909090974114,Polaris
2570.0,0.4706818182143298,Polaris
2620.0,0.4727999999427795,Polaris
2670.0,0.4744,Polaris
2720.0,0.47580909086877643,Polaris
2770.0,0.477718181810379,Polaris
2820.0,0.47905454540902914,Polaris
2870.0,0.48176363635193215,Polaris
2920.0,0.4825636363545331,Polaris
2970.0,0.48319999999089674,Polaris
3020.0,0.485283333303531,Polaris
3070.0,0.48737272724281655,Polaris
3120.0,0.48329090918714357,Polaris
3170.0,0.48289090903628956,Polaris
3220.0,0.4854499999814033,Polaris
3270.0,0.4861,Polaris
3320.0,0.48735454542463474,Polaris
3370.0,0.48944999996995925,Polaris
3420.0,0.4900454545584592,Polaris
3470.0,0.49015454543113707,Polaris
3520.0,0.4903181818649986,Polaris
3570.0,0.488009090886983,Polaris
3620.0,0.4897181817726655,Polaris
3670.0,0.4928999999544837,Polaris
3720.0,0.49308181817921726,Polaris
3770.0,0.49195454547275197,Polaris
3820.0,0.4916272727285732,Polaris
3870.0,0.4919818181740154,Polaris
3920.0,0.4936499999654293,Polaris
3970.0,0.49475714286940436,Polaris
4020.0,0.49390000001226153,Polaris
4070.0,0.4957333333071073,Polaris
4120.0,0.4963857142806053,Polaris
4170.0,0.4972769230527144,Polaris
4220.0,0.49890909089348534,Polaris
4270.0,0.4999999999843944,Polaris
4320.0,0.4989090909246965,Polaris
4370.0,0.5007499999690056,Polaris
4420.0,0.5012727272753281,Polaris
4470.0,0.5002000000238418,Polaris
4520.0,0.499066666671435,Polaris
4570.0,0.4989230769142738,Polaris
4620.0,0.49953846152965836,Polaris
4670.0,0.4995307692318696,Polaris
4720.0,0.5006499999725819,Polaris
4770.0,0.5028666666285198,Polaris
4820.0,0.5044833333702882,Polaris
4870.0,0.5019000000369549,Polaris
4920.0,0.501833333334287,Polaris
4970.0,0.5020727272649245,Polaris
5020.0,0.503907692253773,Polaris
5070.0,0.5072833333357175,Polaris
5120.0,0.5071166666690509,Polaris
5170.0,0.5043250000441074,Polaris
5220.0,0.5043999999795641,Polaris
5270.0,0.5050526315955112,Polaris
5320.0,0.503894736858669,Polaris
5370.0,0.5033647058764625,Polaris
5420.0,0.503776470582345,Polaris
5470.0,0.5069333332713445,Polaris
5520.0,0.5078727273078398,Polaris
5570.0,0.5062909090948104,Polaris
5620.0,0.5059363636441664,Polaris
5670.0,0.5062818181258981,Polaris
120,0.013116666612625123,Polaris
170,0.032599999593098956,Polaris
220,0.09704166508515677,Polaris
270,0.11595833419322968,Polaris
320,0.07114545538815585,Polaris
370,0.06973333009719848,Polaris
420,0.23939999676386514,Polaris
470,0.24823333316485088,Polaris
520,0.27865454477136786,Polaris
570,0.3066454540755532,Polaris
620,0.3204272726024281,Polaris
670,0.32915454524647103,Polaris
720,0.33773636353926223,Polaris
770,0.3532181810604442,Polaris
820,0.3875818179355968,Polaris
870,0.4002909088828347,Polaris
920,0.41119999979192556,Polaris
970,0.41565454536958174,Polaris
1020,0.4187181817626953,Polaris
1070,0.42519090895045886,Polaris
1120,0.43433636344736276,Polaris
1170,0.44059090901808307,Polaris
1220,0.4438636363116178,Polaris
1270,0.44713636355833575,Polaris
1320,0.45027272725538775,Polaris
1370,0.4518727271894975,Polaris
1420,0.4562272726457769,Polaris
1470,0.4604999999185042,Polaris
1520,0.4625909090510282,Polaris
1570,0.465663636302948,Polaris
1620,0.46804545450383966,Polaris
1670,0.4692090908952193,Polaris
1720,0.470809090867476,Polaris
1770,0.47212727271860294,Polaris
1820,0.4755999998474121,Polaris
1870,0.47760000003814695,Polaris
1920,0.4777636363428289,Polaris
1970,0.478527272716869,Polaris
2020,0.48066363629254427,Polaris
2070,0.48293636363462966,Polaris
2120,0.4838727272172408,Polaris
2170,0.48754545441714203,Polaris
2220,0.4928272728746587,Polaris
2270,0.485100000147386,Polaris
2320,0.4894636362804066,Polaris
2370,0.4923545454025269,Polaris
2420,0.4941363636068864,Polaris
2470,0.4964454544951699,Polaris
2520,0.49826363633936105,Polaris
2570,0.49685454553257336,Polaris
2620,0.4954909090388905,Polaris
2670,0.49859999992370607,Polaris
2720,0.5017818181835522,Polaris
2770,0.50190909086921,Polaris
2820,0.5039999999601191,Polaris
2870,0.5060909090510282,Polaris
2920,0.504500000038147,Polaris
2970,0.5058454545038397,Polaris
3020,0.504575000052452,Polaris
3070,0.5080636362838745,Polaris
3120,0.507300000038147,Polaris
3170,0.5081874999594688,Polaris
3220,0.5081545454597473,Polaris
3270,0.5094090908778798,Polaris
3320,0.5114272726856578,Polaris
3370,0.5108818182269009,Polaris
3420,0.44638182059721515,Polaris
3470,0.4222181793472984,Polaris
3520,0.5129,Polaris
3570,0.5129888888719347,Polaris
3620,0.5138777777608236,Polaris
3670,0.5143250000111261,Polaris
3720,0.5135294118163165,Polaris
3770,0.5108235294633753,Polaris
3820,0.5105818181159281,Polaris
3870,0.5129750000015895,Polaris
3920,0.5129416666587194,Polaris
3970,0.513358333325386,Polaris
4020,0.515874999947548,Polaris
4070,0.5178083333031337,Polaris
4120,0.5188727272623235,Polaris
4170,0.5192727272692593,Polaris
4220,0.5198499999713897,Polaris
4270,0.5214749999475479,Polaris
4320,0.5242249999475479,Polaris
4370,0.5220454545974731,Polaris
4420,0.5221545454389398,Polaris
4470,0.524563636304682,Polaris
4520,0.5244363636797125,Polaris
4570,0.5227545454753529,Polaris
4620,0.5225799999771119,Polaris
4670,0.5239272727012635,Polaris
4720,0.5229636363931135,Polaris
4770,0.5227545454476097,Polaris
4820,0.5250272726596485,Polaris
4870,0.5286749999284744,Polaris
4920,0.5298500000921885,Polaris
4970,0.5259307691486065,Polaris
5020,0.5302384614562988,Polaris
5070,0.5290333333826065,Polaris
5120,0.5279666666677263,Polaris
5170,0.5279111111121708,Polaris
5220,0.528833333311081,Polaris
5270,0.528785714302063,Polaris
5320,0.5283333333110809,Polaris
5370,0.5294999999777475,Polaris
5420,0.5335909090128812,Polaris
5470,0.5331692307868371,Polaris
5520,0.5336142856884003,Polaris
5570,0.5347285714258466,Polaris
5620,0.5348714285687038,Polaris
5670,0.5336428571728298,Polaris
5720,0.5325133333422343,Polaris
5770,0.5320466666755677,Polaris
5820,0.5290750000619888,Polaris
5870,0.5312181817332181,Polaris
5920,0.5344571428108216,Polaris
5970,0.5364714285646166,Polaris
6020,0.5368285714217595,Polaris
6070,0.5363000000143051,Polaris
6120,0.5355500000143051,Polaris
6170,0.5324181818892739,Polaris
6220,0.5344181817332181,Polaris
6270,0.5371999999682109,Polaris
6320,0.5394363635774092,Polaris
6370,0.5413000000190734,Polaris
6420,0.5397111111863454,Polaris
6470,0.535766666741901,Polaris
6520,0.5333384615413959,Polaris
6570,0.5332411764627345,Polaris
6620,0.5336529411686168,Polaris
6670,0.5352999999332428,Polaris
6720,0.5387999999332428,Polaris
6770,0.5356846154755812,Polaris
6820,0.53509166659832,Polaris
6870,0.5374285714394705,Polaris
6920,0.5368571428680421,Polaris
6970,0.5373727272605896,Polaris
7020,0.5402692307032072,Polaris
7070,0.5405000000572204,Polaris
7120,0.5404454544622248,Polaris
7170,0.542916666703754,Polaris
7220,0.5409722222593096,Polaris
7270,0.5408666666336059,Polaris
7320,0.5425999999669393,Polaris
7370,0.5428272727229378,Polaris
7420,0.5430545454502106,Polaris
7470,0.5449499999558926,Polaris
7520,0.5464000000381469,Polaris
7570,0.5444000000381469,Polaris
7620,0.542500000034968,Polaris
7670,0.5432181817314842,Polaris
7720,0.5460500000222525,Polaris
7770,0.5447454545940053,Polaris
7820,0.5422000000485507,Polaris
7870,0.5438666666348776,Polaris
7920,0.5466727272137728,Polaris
7970,0.5475363636380975,Polaris
120,0.01,Polaris
170,0.02297499986251195,Polaris
220,0.08796666584014888,Polaris
270,0.10700833379666014,Polaris
320,0.06618181839856237,Polaris
370,0.07368571306092384,Polaris
420,0.20211428448949526,Polaris
470,0.23806666654427844,Polaris
520,0.2697846149620643,Polaris
570,0.2877000004164378,Polaris
620,0.25441818124424326,Polaris
670,0.3145999994260614,Polaris
720,0.3242363635444641,Polaris
770,0.33665454533316874,Polaris
820,0.35890909067414023,Polaris
870,0.37539999987602235,Polaris
920,0.38594545446049083,Polaris
970,0.38826363640438427,Polaris
1020,0.3920999998474121,Polaris
1070,0.4049636363107508,Polaris
1120,0.41043636358694596,Polaris
1170,0.4158999999237061,Polaris
1220,0.42389999992370603,Polaris
1270,0.4286272726821899,Polaris
1320,0.4309818181618777,Polaris
1370,0.4316909090874412,Polaris
1420,0.43708181810985913,Polaris
1470,0.44195454542506823,Polaris
1520,0.4448181817930395,Polaris
1570,0.4462181818225167,Polaris
1620,0.4483545453765176,Polaris
1670,0.4550272727212039,Polaris
1720,0.45552727273420857,Polaris
1770,0.4548000000069358,Polaris
1820,0.45907272723197945,Polaris
1870,0.46170909088568257,Polaris
1920,0.46110909092209557,Polaris
1970,0.46241818179477345,Polaris
2020,0.46509090906403283,Polaris
2070,0.4677272727038644,Polaris
2120,0.46916363636450337,Polaris
2170,0.469536363622492,Polaris
2220,0.4702166666897138,Polaris
2270,0.4678000000230471,Polaris
2320,0.47571666659116746,Polaris
2370,0.4743909091255882,Polaris
2420,0.47603636359908363,Polaris
2470,0.47764999999920527,Polaris
2520,0.4779999999928475,Polaris
2570,0.479416666627725,Polaris
2620,0.4834999999610583,Polaris
2670,0.4812272727489471,Polaris
2720,0.48197499998966853,Polaris
2770,0.4812181818329204,Polaris
2820,0.48154999998490017,Polaris
2870,0.4817000000190735,Polaris
2920,0.4829727271877636,Polaris
2970,0.489063636413054,Polaris
3020,0.4843727272753282,Polaris
3070,0.4841000000026009,Polaris
3120,0.48746363633155826,Polaris
3170,0.4883249999944369,Polaris
3220,0.4887999999959128,Polaris
3270,0.48916428571224213,Polaris
3320,0.48937857142652785,Polaris
3370,0.4915937499767542,Polaris
3420,0.492785714302063,Polaris
3470,0.4910714285877773,Polaris
3520,0.49000000000953675,Polaris
3570,0.4913333333110809,Polaris
3620,0.4936249999785423,Polaris
3670,0.49515000000158943,Polaris
3720,0.4952249999785423,Polaris
3770,0.49747499997854233,Polaris
3820,0.49710000000635785,Polaris
3870,0.49435454548922453,Polaris
3920,0.49299999999841054,Polaris
3970,0.4932818181774833,Polaris
4020,0.4941999999809265,Polaris
4070,0.4967999999523163,Polaris
4120,0.5012090909177607,Polaris
4170,0.5003000000086697,Polaris
4220,0.4993833333420753,Polaris
4270,0.4997999999928474,Polaris
4320,0.5004999999936421,Polaris
4370,0.5005888888963064,Polaris
4420,0.4998111111185286,Polaris
4470,0.49985999999427794,Polaris
4520,0.5005692307530917,Polaris
4570,0.5022615384453993,Polaris
4620,0.5025333333341281,Polaris
4670,0.5056499999499321,Polaris
4720,0.5080363636545702,Polaris
4770,0.5062615384754768,Polaris
4820,0.5048000000139383,Polaris
4870,0.5037090909194947,Polaris
4920,0.506790909057097,Polaris
4970,0.5072333333365122,Polaris
5020,0.5051909091212533,Polaris
5070,0.5060999999523164,Polaris
5120,0.5074333333730697,Polaris
5170,0.5051181817696311,Polaris
5220,0.5097181818164479,Polaris
5270,0.5098999999982661,Polaris
5320,0.5098166666674614,Polaris
5370,0.5072769231070006,Polaris
5420,0.5089499999380112,Polaris
5470,0.5136999999936421,Polaris
5520,0.5138818182216991,Polaris
5570,0.5097000000398809,Polaris
5620,0.5161999999380111,Polaris
5670,0.513166666718324,Polaris
5720,0.5109454545463216,Polaris
5770,0.5119769230563824,Polaris
5820,0.5139166666563353,Polaris
5870,0.5149999999896685,Polaris
5920,0.5151666666650772,Polaris
5970,0.5162909090779044,Polaris
6020,0.5184818181575428,Polaris
6070,0.5179727272970026,Polaris
6120,0.5171999999904633,Polaris
6170,0.5165500000429154,Polaris
6220,0.5131272726674513,Polaris
6270,0.5193999999401786,Polaris
6320,0.518983333337307,Polaris
6370,0.5194818181748824,Polaris
6420,0.5166454545870695,Polaris
6470,0.5135909091117166,Polaris
6520,0.5136363636146892,Polaris
6570,0.5156909090744366,Polaris
6620,0.517009090905623,Polaris
6670,0.5183363635869459,Polaris
6720,0.522727272753282,Polaris
6770,0.5200000000260093,Polaris
6820,0.5190272727168691,Polaris
6870,0.5197000000095368,Polaris
6920,0.518672727284865,Polaris
6970,0.5174000000121376,Polaris
7020,0.5175818181800842,Polaris
7070,0.514825000029405,Polaris
7120,0.5166999999618531,Polaris
7170,0.5192833333222072,Polaris
7220,0.5193166666915682,Polaris
7270,0.516705555580457,Polaris
7320,0.5157999999923706,Polaris
7370,0.5165999999923706,Polaris
7420,0.520028571395874,Polaris
7470,0.5216799999955495,Polaris
7520,0.5219785714401518,Polaris
7570,0.520764285725866,Polaris
7620,0.52165416664958,Polaris
7670,0.5234458333162467,Polaris
7720,0.523172727321278,Polaris
7770,0.5195666666444143,Polaris
7820,0.5218999999777476,Polaris
7870,0.5230578947257996,Polaris
7920,0.5241466666622162,Polaris
7970,0.5246133333288829,Polaris
120.0,0.01,FedBuff
170.0,0.01,FedBuff
220.0,0.01,FedBuff
270.0,0.01,FedBuff
320.0,0.01,FedBuff
370.0,0.01,FedBuff
420.0,0.01325384605040916,FedBuff
470.0,0.024099999896563005,FedBuff
520.0,0.04919677395420688,FedBuff
570.0,0.07429354814775528,FedBuff
620.0,0.09939032234130367,FedBuff
670.0,0.08810000014623007,FedBuff
720.0,0.07276666681289673,FedBuff
770.0,0.05743333347956339,FedBuff
820.0,0.0673216213669648,FedBuff
870.0,0.09402432406966751,FedBuff
920.0,0.12072702677237022,FedBuff
970.0,0.14742972947507293,FedBuff
1020.0,0.17202142833914075,FedBuff
1070.0,0.19138181804483587,FedBuff
1120.0,0.20574545440847222,FedBuff
1170.0,0.21619705881090726,FedBuff
1220.0,0.21752058822267195,FedBuff
1270.0,0.21884411763443665,FedBuff
1320.0,0.22016764704620137,FedBuff
1370.0,0.23984285693577356,FedBuff
1420.0,0.25338181813066657,FedBuff
1470.0,0.2587454544943029,FedBuff
1520.0,0.2641588234766792,FedBuff
1570.0,0.2696882352413851,FedBuff
1620.0,0.27521764700609097,FedBuff
1670.0,0.2807470587707968,FedBuff
1720.0,0.2903642856182371,FedBuff
1770.0,0.29968124991834166,FedBuff
1820.0,0.3082437499183417,FedBuff
1870.0,0.3102399999879201,FedBuff
1920.0,0.3126205127818768,FedBuff
1970.0,0.3166717948331588,FedBuff
2020.0,0.3207230768844409,FedBuff
2070.0,0.32477435893572293,FedBuff
2120.0,0.3294451612398701,FedBuff
2170.0,0.33473548382051527,FedBuff
2220.0,0.3400258064011605,FedBuff
2270.0,0.3441142856924874,FedBuff
2320.0,0.3463999999782017,FedBuff
2370.0,0.35426956514234126,FedBuff
2420.0,0.36213913035973255,FedBuff
2470.0,0.3627062500244379,FedBuff
2520.0,0.3607193548082536,FedBuff
2570.0,0.3639129031953504,FedBuff
2620.0,0.3671064515824472,FedBuff
2670.0,0.370299999969544,FedBuff
2720.0,0.37151739129273786,FedBuff
2770.0,0.3727347825970857,FedBuff
2820.0,0.37900624991953374,FedBuff
2870.0,0.3869032257775337,FedBuff
2920.0,0.3899354838420499,FedBuff
2970.0,0.392967741906566,FedBuff
3020.0,0.39599999997108215,FedBuff
3070.0,0.3966521739068239,FedBuff
3120.0,0.39730434781986734,FedBuff
3170.0,0.3960125000202656,FedBuff
3220.0,0.3945838709215964,FedBuff
3270.0,0.39942258059901575,FedBuff
3320.0,0.40426129027643515,FedBuff
3370.0,0.4090999999538545,FedBuff
3420.0,0.4071909091091156,FedBuff
3470.0,0.40917499997695284,FedBuff
3520.0,0.40907647059945496,FedBuff
3570.0,0.4079000000112197,FedBuff
3620.0,0.4067235294229844,FedBuff
3670.0,0.4055470588347491,FedBuff
3720.0,0.4043705882465138,FedBuff
3770.0,0.40544736839645784,FedBuff
3820.0,0.4080263157648789,FedBuff
3870.0,0.4141666665935516,FedBuff
3920.0,0.4181538461509118,FedBuff
3970.0,0.41846153845860407,FedBuff
4020.0,0.4187692307662964,FedBuff
4070.0,0.4190769230739887,FedBuff
4120.0,0.4194210526280654,FedBuff
4170.0,0.41978947368069697,FedBuff
4220.0,0.4196666666698456,FedBuff
4270.0,0.419477777774069,FedBuff
4320.0,0.4198666666629579,FedBuff
4370.0,0.42025555555184685,FedBuff
4420.0,0.42064444444073573,FedBuff
4470.0,0.4222062499776483,FedBuff
4520.0,0.42454999997764825,FedBuff
4570.0,0.4268937499776483,FedBuff
4620.0,0.42931818179390646,FedBuff
4670.0,0.43186363633936103,FedBuff
4720.0,0.4333375000268221,FedBuff
4770.0,0.4305250000268221,FedBuff
4820.0,0.4299437499913573,FedBuff
4870.0,0.4308499999913573,FedBuff
4920.0,0.43175624999135737,FedBuff
4970.0,0.4324806451569834,FedBuff
5020.0,0.4329322580602092,FedBuff
5070.0,0.433383870963435,FedBuff
5120.0,0.43301923079087185,FedBuff
5170.0,0.43075000002164104,FedBuff
5220.0,0.4284807692524103,FedBuff
5270.0,0.4352666665649414,FedBuff
5320.0,0.443751724140233,FedBuff
5370.0,0.44351034482988816,FedBuff
5420.0,0.44326896551954337,FedBuff
5470.0,0.4421192308004086,FedBuff
5520.0,0.4388500000311778,FedBuff
5570.0,0.43558076926194705,FedBuff
5620.0,0.43869999994414194,FedBuff
5670.0,0.4431999999872844,FedBuff
5720.0,0.4445333333206177,FedBuff
5770.0,0.44586666665395097,FedBuff
5820.0,0.44688999999713896,FedBuff
5870.0,0.447189999997139,FedBuff
5920.0,0.44748999999713895,FedBuff
5970.0,0.447789999997139,FedBuff
6020.0,0.4464500000492732,FedBuff
6070.0,0.4422055555168788,FedBuff
6120.0,0.4462611110724343,FedBuff
6170.0,0.4487700000104904,FedBuff
6220.0,0.4476700000104904,FedBuff
6270.0,0.4465700000104904,FedBuff
6320.0,0.4454700000104904,FedBuff
6370.0,0.44559999997138977,FedBuff
6420.0,0.4490944443686803,FedBuff
6470.0,0.45703888881312477,FedBuff
6520.0,0.4619666666867998,FedBuff
6570.0,0.4598555555756887,FedBuff
6620.0,0.45774444446457757,FedBuff
6670.0,0.45707647058543033,FedBuff
6720.0,0.45737058823248916,FedBuff
6770.0,0.45805769230072313,FedBuff
6820.0,0.4587884615314924,FedBuff
6870.0,0.45969999998728434,FedBuff
6920.0,0.46083666667270656,FedBuff
6970.0,0.46020333333937324,FedBuff
7020.0,0.4595700000060399,FedBuff
7070.0,0.4589285714353834,FedBuff
7120.0,0.4582142857210977,FedBuff
7170.0,0.45750000000681196,FedBuff
7220.0,0.4588166666089164,FedBuff
7270.0,0.46487222216447194,FedBuff
7320.0,0.4674096153939687,FedBuff
7370.0,0.46642884616319946,FedBuff
7420.0,0.46544807693243023,FedBuff
7470.0,0.464467307701661,FedBuff
7520.0,0.4634865384708918,FedBuff
7570.0,0.46230000001589455,FedBuff
7620.0,0.4606333333492279,FedBuff
7670.0,0.4594634615448805,FedBuff
7720.0,0.45879038462180355,FedBuff
7770.0,0.45811730769872666,FedBuff
7820.0,0.4574442307756497,FedBuff
7870.0,0.4567711538525728,FedBuff
120.0,0.01,FedBuff
170.0,0.01,FedBuff
220.0,0.01,FedBuff
270.0,0.01,FedBuff
320.0,0.01,FedBuff
370.0,0.01,FedBuff
420.0,0.01293076918418591,FedBuff
470.0,0.022699999953416677,FedBuff
520.0,0.04763548375206609,FedBuff
570.0,0.07257096762303383,FedBuff
620.0,0.09750645149400157,FedBuff
670.0,0.08041818192193002,FedBuff
720.0,0.05866060616435427,FedBuff
770.0,0.0369030304067785,FedBuff
820.0,0.049070270104408266,FedBuff
870.0,0.08385405388819206,FedBuff
920.0,0.11863783767197585,FedBuff
970.0,0.15342162145575963,FedBuff
1020.0,0.16937142850535258,FedBuff
1070.0,0.18259545448541642,FedBuff
1120.0,0.1951863635763255,FedBuff
1170.0,0.20628529408132326,FedBuff
1220.0,0.2139029411401468,FedBuff
1270.0,0.22152058819897033,FedBuff
1320.0,0.22913823525779387,FedBuff
1370.0,0.24230714279140744,FedBuff
1420.0,0.2541090908622742,FedBuff
1470.0,0.26392727268045596,FedBuff
1520.0,0.27275882349827707,FedBuff
1570.0,0.27928823526298296,FedBuff
1620.0,0.28581764702768886,FedBuff
1670.0,0.29234705879239475,FedBuff
1720.0,0.30161428566864557,FedBuff
120,0.01,FedBuff
170,0.01,FedBuff
220,0.01,FedBuff
270,0.01,FedBuff
320,0.01,FedBuff
370,0.01,FedBuff
420,0.015930769042235133,FedBuff
470,0.0356999998114659,FedBuff
520,0.06121612878891728,FedBuff
570,0.08673225782117536,FedBuff
620,0.11224838685343344,FedBuff
670,0.0974545456383445,FedBuff
720,0.07818181836561724,FedBuff
770,0.05890909109288997,FedBuff
820,0.07038378347886576,FedBuff
870,0.10235675645183873,FedBuff
920,0.1343297294248117,FedBuff
970,0.1663027023977847,FedBuff
1020,0.1845428569834573,FedBuff
1070,0.19796818172151393,FedBuff
1120,0.20810454535787756,FedBuff
1170,0.21773235286067513,FedBuff
1220,0.2261735293312634,FedBuff
1270,0.23461470580185162,FedBuff
1320,0.24305588227243985,FedBuff
1370,0.25354285704067775,FedBuff
1420,0.2619227272150733,FedBuff
1470,0.2679681817605279,FedBuff
1520,0.2735588234862159,FedBuff
1570,0.2780882352509218,FedBuff
1620,0.2826176470156277,FedBuff
1670,0.2871470587803336,FedBuff
1720,0.29402857136045185,FedBuff
1770,0.30716249981760985,FedBuff
1820,0.32628749981760996,FedBuff
1870,0.32897999999173483,FedBuff
1920,0.3314692307222807,FedBuff
1970,0.3363923076453576,FedBuff
2020,0.3413153845684345,FedBuff
2070,0.34623846149151144,FedBuff
2120,0.3503290322269932,FedBuff
2170,0.3535870967431222,FedBuff
2220,0.35684516125925125,FedBuff
2270,0.35977142854826794,FedBuff
2320,0.3621999999768394,FedBuff
2370,0.3663304347432178,FedBuff
2420,0.37046086952582646,FedBuff
2470,0.3781749999117851,FedBuff
2520,0.3865387096737277,FedBuff
2570,0.38692580644792124,FedBuff
2620,0.3873129032221148,FedBuff
2670,0.38769999999630833,FedBuff
2720,0.3852217391540693,FedBuff
2770,0.3827434782845041,FedBuff
2820,0.3893937498992681,FedBuff
2870,0.39892580644915177,FedBuff
2920,0.39918387096528085,FedBuff
2970,0.3994419354814099,FedBuff
3020,0.3996999999975389,FedBuff
3070,0.4007869565113731,FedBuff
3120,0.40187391303311226,FedBuff
3170,0.4041687499731779,FedBuff
3220,0.40695483868537413,FedBuff
3270,0.4095032257821483,FedBuff
3320,0.4120516128789225,FedBuff
3370,0.4145999999756967,FedBuff
3420,0.41769090906143186,FedBuff
3470,0.4169500000111262,FedBuff
3520,0.41783529410081754,FedBuff
3570,0.4195999999831705,FedBuff
3620,0.4213647058655234,FedBuff
3670,0.4231294117478763,FedBuff
3720,0.4248941176302293,FedBuff
3770,0.42597894736239783,FedBuff
3820,0.42661052630976626,FedBuff
3870,0.43222499992609026,FedBuff
3920,0.43492051284300975,FedBuff
3970,0.4325615384840354,FedBuff
4020,0.430202564125061,FedBuff
4070,0.42784358976608666,FedBuff
4120,0.4282263157683925,FedBuff
4170,0.4304368420841819,FedBuff
4220,0.4359999999332428,FedBuff
4270,0.4416499999976158,FedBuff
4320,0.4418999999976158,FedBuff
4370,0.44214999999761584,FedBuff
4420,0.4423999999976158,FedBuff
4470,0.4423125000029802,FedBuff
4520,0.44200000000298023,FedBuff
4570,0.44168750000298024,FedBuff
4620,0.4422999999809265,FedBuff
4670,0.4442999999809265,FedBuff
4720,0.4454500000214577,FedBuff
4770,0.4432000000214577,FedBuff
4820,0.4437624999767542,FedBuff
4870,0.4461999999767542,FedBuff
4920,0.4486374999767542,FedBuff
4970,0.4510806451379099,FedBuff
5020,0.4535322580411357,FedBuff
5070,0.45598387094436155,FedBuff
5120,0.45710000001907347,FedBuff
5170,0.45510000001907347,FedBuff
5220,0.4531000000190735,FedBuff
5270,0.45581333328819273,FedBuff
5320,0.45944137931790846,FedBuff
5370,0.4586482758696326,FedBuff
5420,0.4578551724213567,FedBuff
5470,0.45680384616961844,FedBuff
5520,0.4551500000157723,FedBuff
5570,0.45349615386192615,FedBuff
5620,0.4566499999502727,FedBuff
5670,0.45935000003019966,FedBuff
5720,0.456183333363533,FedBuff
5770,0.45301666669686635,FedBuff
5820,0.4509124999964237,FedBuff
5870,0.4512874999964237,FedBuff
5920,0.4516624999964237,FedBuff
5970,0.4520374999964237,FedBuff
6020,0.45182500001509984,FedBuff
6070,0.4509944443877538,FedBuff
6120,0.45693888883219824,FedBuff
6170,0.4607475000112057,FedBuff
6220,0.4595725000112057,FedBuff
6270,0.45839750001120566,FedBuff
6320,0.4572225000112057,FedBuff
6370,0.4566249999928474,FedBuff
6420,0.4577277777369817,FedBuff
6470,0.46200555551475947,FedBuff
6520,0.4651444444398527,FedBuff
6570,0.46562592592133417,FedBuff
6620,0.46610740740281564,FedBuff
6670,0.46831176467390623,FedBuff
6720,0.4716647058503768,FedBuff
6770,0.47099615385679094,FedBuff
6820,0.46988076924140637,FedBuff
6870,0.4686250000150999,FedBuff
6920,0.46720999999904633,FedBuff
6970,0.4673099999990463,FedBuff
7020,0.46740999999904637,FedBuff
7070,0.4678607142513139,FedBuff
7120,0.4714678571084568,FedBuff
7170,0.47507499996559965,FedBuff
7220,0.4773666666740842,FedBuff
7270,0.47658888889630635,FedBuff
7320,0.476190384615568,FedBuff
7370,0.47617115384633724,FedBuff
7420,0.4761519230771065,FedBuff
7470,0.47613269230787575,FedBuff
7520,0.476113461538645,FedBuff
7570,0.4754000000222524,FedBuff
7620,0.47306666668891906,FedBuff
7670,0.4721596153796636,FedBuff
7720,0.4726788461488944,FedBuff
7770,0.47319807691812515,FedBuff
7820,0.4737173076873559,FedBuff
7870,0.4742365384565867,FedBuff
7920,0.47554999996980035,FedBuff
7970,0.478716666636467,FedBuff
120.0,0.01,FedBuff
170.0,0.01,FedBuff
220.0,0.01,FedBuff
270.0,0.01,FedBuff
320.0,0.01,FedBuff
370.0,0.01,FedBuff
420.0,0.014084615254768944,FedBuff
470.0,0.027699999870153556,FedBuff
520.0,0.046474193369342415,FedBuff
570.0,0.06524838691772952,FedBuff
620.0,0.08402258046611663,FedBuff
670.0,0.06953636380975897,FedBuff
720.0,0.051354545627940784,FedBuff
770.0,0.0331727274461226,FedBuff
820.0,0.0460729726523322,FedBuff
870.0,0.07969459427395381,FedBuff
920.0,0.11331621589557545,FedBuff
970.0,0.14693783751719705,FedBuff
1020.0,0.1751785711649486,FedBuff
1070.0,0.1933636362804066,FedBuff
1120.0,0.20209090900767934,FedBuff
1170.0,0.20866764704395743,FedBuff
1220.0,0.21022647057336918,FedBuff
1270.0,0.21178529410278096,FedBuff
1320.0,0.21334411763219271,FedBuff
1370.0,0.22693571414334432,FedBuff
1420.0,0.23830909083453092,FedBuff
1470.0,0.24612727265271273,FedBuff
1520.0,0.25391176463239334,FedBuff
1570.0,0.2616176469853345,FedBuff
1620.0,0.2693235293382757,FedBuff
1670.0,0.27702941169121686,FedBuff
1720.0,0.27863571427685874,FedBuff
1770.0,0.28453749989628796,FedBuff
1820.0,0.295412499896288,FedBuff
1870.0,0.2931400000356038,FedBuff
1920.0,0.293853846083421,FedBuff
1970.0,0.3012384614680364,FedBuff
2020.0,0.3086230768526518,FedBuff
2070.0,0.3160076922372671,FedBuff
2120.0,0.3210548386838359,FedBuff
2170.0,0.32376451610319074,FedBuff
2220.0,0.3264741935225456,FedBuff
120,0.01,FedBuff
170,0.01,FedBuff
220,0.01,FedBuff
270,0.01,FedBuff
320,0.01,FedBuff
370,0.01,FedBuff
420,0.012515384575403653,FedBuff
470,0.02089999996001904,FedBuff
520,0.03993225797376325,FedBuff
570,0.058964516038279374,FedBuff
620,0.0779967741027955,FedBuff
670,0.06830909097050175,FedBuff
720,0.05543030309171387,FedBuff
770,0.042551515212926,FedBuff
820,0.05572432417869568,FedBuff
870,0.08626486471923622,FedBuff
920,0.11680540525977676,FedBuff
970,0.1473459458003173,FedBuff
1020,0.16441428564003535,FedBuff
1070,0.17724545449733733,FedBuff
1120,0.18733636358824643,FedBuff
1170,0.19658823525933658,FedBuff
1220,0.2038823529063954,FedBuff
1270,0.21117647055345423,FedBuff
1320,0.21847058820051307,FedBuff
1370,0.22839285709415164,FedBuff
1420,0.23761363632440569,FedBuff
1470,0.24584090905167838,FedBuff
1520,0.252791176451655,FedBuff
1570,0.2567617646869491,FedBuff
1620,0.2607323529222432,FedBuff
1670,0.26470294115753734,FedBuff
1720,0.26799285712753024,FedBuff
1770,0.2745062499532104,FedBuff
1820,0.2843187499532104,FedBuff
1870,0.2853,FedBuff
1920,0.2870846153633411,FedBuff
1970,0.2915461538248796,FedBuff
2020,0.29600769228641804,FedBuff
2070,0.3004692307479565,FedBuff
2120,0.3054096773935134,FedBuff
2170,0.310829032232223,FedBuff
2220,0.3162483870709327,FedBuff
2270,0.31964285714115415,FedBuff
2320,0.31999999999829704,FedBuff
2370,0.3250434782368204,FedBuff
2420,0.33008695649768993,FedBuff
2470,0.3359749999701977,FedBuff
2520,0.3414709677480882,FedBuff
2570,0.34018064516744306,FedBuff
2620,0.3388903225867979,FedBuff
2670,0.33760000000615276,FedBuff
2720,0.34016521737907246,FedBuff
2770,0.3427304347703768,FedBuff
2820,0.35001874995559457,FedBuff
2870,0.35871290321088606,FedBuff
2920,0.36184193546895055,FedBuff
2970,0.3649709677270151,FedBuff
3020,0.3680999999850796,FedBuff
3070,0.3686652173886092,FedBuff
3120,0.3692304347799135,FedBuff
3170,0.3715874999850988,FedBuff
3220,0.3745290322519118,FedBuff
3270,0.37581935483255696,FedBuff
3320,0.3771096774132021,FedBuff
3370,0.37839999999384727,FedBuff
3420,0.3789454545428536,FedBuff
3470,0.3873999999554952,FedBuff
3520,0.3894862745146658,FedBuff
3570,0.3884666666715285,FedBuff
3620,0.38744705882839126,FedBuff
3670,0.38642745098525405,FedBuff
3720,0.3854078431421168,FedBuff
3770,0.3874947368222789,FedBuff
3820,0.391652631559121,FedBuff
3870,0.3955249999821186,FedBuff
3920,0.3967589743650876,FedBuff
3970,0.3954769230830364,FedBuff
4020,0.3941948718009851,FedBuff
4070,0.39291282051893384,FedBuff
4120,0.3940736841972251,FedBuff
4170,0.3968631578814356,FedBuff
4220,0.4028799999647141,FedBuff
4270,0.4086444444481532,FedBuff
4320,0.4078666666703754,FedBuff
4370,0.40708888889259764,FedBuff
4420,0.4063111111148199,FedBuff
4470,0.4049875000080467,FedBuff
4520,0.40330000000804667,FedBuff
4570,0.40161250000804666,FedBuff
4620,0.4033818181486563,FedBuff
4670,0.4103363636032018,FedBuff
4720,0.41547500001013277,FedBuff
4770,0.4133500000101328,FedBuff
4820,0.4145437499837577,FedBuff
4870,0.4179499999837577,FedBuff
4920,0.4213562499837577,FedBuff
4970,0.42266451613779993,FedBuff
5020,0.42082580646038054,FedBuff
5070,0.4189870967829612,FedBuff
5120,0.4173884615434133,FedBuff
5170,0.41635000000495176,FedBuff
5220,0.4153115384664902,FedBuff
5270,0.4147666666682561,FedBuff
5320,0.4153620689449639,FedBuff
5370,0.4196724137725501,FedBuff
5420,0.42398275860013634,FedBuff
5470,0.42672307692747846,FedBuff
5520,0.42580000000440155,FedBuff
5570,0.42487692308132463,FedBuff
5620,0.4228500000119209,FedBuff
5670,0.42108000000031787,FedBuff
5720,0.4210133333336512,FedBuff
5770,0.42094666666698455,FedBuff
5820,0.4214399999914169,FedBuff
5870,0.4232399999914169,FedBuff
5920,0.4250399999914169,FedBuff
5970,0.4268399999914169,FedBuff
6020,0.4283249999964237,FedBuff
6070,0.4289833333341281,FedBuff
6120,0.42881666666746143,FedBuff
6170,0.42875249999916554,FedBuff
6220,0.4289274999991656,FedBuff
6270,0.42910249999916555,FedBuff
6320,0.42927749999916553,FedBuff
6370,0.4298249999932448,FedBuff
6420,0.4317777777454588,FedBuff
6470,0.4385555555232366,FedBuff
6520,0.442000000020663,FedBuff
6570,0.4376666666873296,FedBuff
6620,0.43333333335399626,FedBuff
6670,0.4361882352576536,FedBuff
6720,0.44383529408118305,FedBuff
6770,0.44103461540350547,FedBuff
6820,0.437073076941967,FedBuff
6870,0.43559999997933707,FedBuff
6920,0.43971999998950956,FedBuff
6970,0.4419199999895096,FedBuff
7020,0.4441199999895096,FedBuff
7070,0.4458214285847119,FedBuff
7120,0.44303571429899763,FedBuff
7170,0.44025000001328335,FedBuff
7220,0.43833333333280355,FedBuff
7270,0.4384444444439146,FedBuff
7320,0.43919230768570533,FedBuff
7370,0.4405769230703207,FedBuff
7420,0.4419615384549361,FedBuff
7470,0.44334615383955145,FedBuff
7520,0.4447307692241669,FedBuff
7570,0.44638333332247204,FedBuff
7620,0.4486611111002498,FedBuff
7670,0.449646153847621,FedBuff
7720,0.44933846153992874,FedBuff
7770,0.4490307692322364,FedBuff
7820,0.4487230769245441,FedBuff
7870,0.4484153846168518,FedBuff
7920,0.4482499999992053,FedBuff
7970,0.44841666666587193,FedBuff
